date,totalCase,newCase,totalIcu,newIcu,intubated,totalDischarged,newDischarged,totalDeath,newDeath,imported,activeCases,cumulativeTest,newTest,Positivity rate,localMalaysian,localForeign,localAll,Sabah,Selangor,Kuala Lumpur,N Sembilan,Kedah,P Pinang,Labuan,Sarawak,Johor,Perak,Pahang,Melaka,Terengganu,Kelantan,Putrajaya,Perlis,foreignersTested,foreignersCumulative,foreignersTreatment,foreignersDeaths
05 Jul 21,785039,6387,923.0,0.0,433.0,710018,4532,5574,77,0.0,69447,14965606.0,66063.0,9.67,,,6361.0,263.0,2610.0,819.0,523.0,273.0,157.0,71.0,424.0,324.0,249.0,312.0,206.0,17.0,114.0,25.0,0.0,,,,
04 Jul 21,778652,6045,917.0,0.0,443.0,705486,5271,5497,63,0.0,67669,14899543.0,80029.0,7.55,,,6025.0,228.0,2262.0,616.0,531.0,332.0,173.0,75.0,365.0,500.0,384.0,95.0,290.0,54.0,124.0,16.0,0.0,,,,
03 Jul 21,772607,6658,892.0,0.0,443.0,700215,5677,5434,107,0.0,66958,14819514.0,85071.0,7.83,,,6647.0,322.0,3047.0,616.0,699.0,145.0,142.0,108.0,361.0,414.0,101.0,200.0,345.0,51.0,89.0,16.0,2.0,,,,
02 Jul 21,765949,6982,905.0,0.0,443.0,694538,6278,5327,73,0.0,66084,14734443.0,88637.0,7.88,,,6979.0,230.0,2907.0,637.0,606.0,257.0,351.0,131.0,440.0,517.0,182.0,329.0,202.0,44.0,129.0,20.0,0.0,,,,
01 Jul 21,758967,6988,917.0,12.0,445.0,688260,5580,5254,84,0.0,65453,14645806.0,88450.0,7.9,,,6983.0,232.0,2885.0,988.0,692.0,250.0,174.0,129.0,544.0,270.0,149.0,195.0,311.0,50.0,108.0,10.0,1.0,,,,
30 Jun 21,751979,6276,905.0,0.0,452.0,682680,4929,5170,62,0.0,64129,14557356.0,83521.0,7.51,,,6260.0,242.0,2836.0,625.0,644.0,226.0,131.0,132.0,376.0,299.0,137.0,210.0,223.0,20.0,159.0,11.0,5.0,,,,
29 Jun 21,745703,6437,905.0,6.0,455.0,677751,5298,5108,107,0.0,62844,14473835.0,68052.0,9.46,,,6423.0,178.0,2299.0,1361.0,700.0,284.0,115.0,117.0,242.0,271.0,184.0,250.0,252.0,21.0,131.0,32.0,0.0,,,,
28 Jun 21,739266,5218,899.0,13.0,451.0,672453,4744,5001,57,0.0,61812,14405783.0,61025.0,8.55,,,5211.0,258.0,1989.0,469.0,629.0,194.0,88.0,108.0,409.0,243.0,400.0,111.0,183.0,23.0,101.0,8.0,5.0,,,,
27 Jun 21,734048,5586,886.0,20.0,446.0,667709,4777,4944,60,0.0,61395,14344758.0,66969.0,8.34,,,5583.0,190.0,2212.0,628.0,501.0,129.0,138.0,83.0,513.0,312.0,229.0,118.0,380.0,16.0,133.0,4.0,0.0,,,,
26 Jun 21,728462,5803,866.0,0.0,435.0,662932,5193,4884,81,0.0,60646,14277789.0,75753.0,7.66,,,5793.0,189.0,2108.0,628.0,741.0,186.0,160.0,99.0,491.0,329.0,137.0,220.0,355.0,29.0,103.0,24.0,4.0,,,,
25 Jun 21,722659,5812,870.0,1.0,433.0,657739,6775,4803,82,0.0,60117,14202036.0,74148.0,7.84,,,5780.0,156.0,2187.0,771.0,658.0,186.0,270.0,123.0,673.0,196.0,72.0,139.0,223.0,46.0,98.0,14.0,0.0,,,,
24 Jun 21,716847,5841,869.0,0.0,438.0,650964,5411,4721,84,0.0,61162,14127888.0,74542.0,7.84,,,5833.0,203.0,2072.0,552.0,781.0,271.0,108.0,212.0,581.0,346.0,120.0,162.0,247.0,29.0,135.0,17.0,5.0,,,,
23 Jun 21,711006,5244,879.0,4.0,433.0,645553,6372,4637,83,0.0,60816,14053346.0,76636.0,6.84,,,5237.0,129.0,2001.0,531.0,677.0,189.0,159.0,77.0,577.0,282.0,75.0,245.0,180.0,27.0,81.0,13.0,1.0,,,,
22 Jun 21,705762,4743,875.0,0.0,445.0,639181,5557,4554,77,0.0,62027,13976710.0,69064.0,6.87,,,4741.0,193.0,1566.0,635.0,585.0,142.0,195.0,104.0,507.0,239.0,68.0,131.0,167.0,37.0,165.0,7.0,2.0,,,,
21 Jun 21,701019,4611,880.0,0.0,452.0,633624,5439,4477,69,0.0,62918,13907646.0,58384.0,7.9,,,4603.0,166.0,1346.0,310.0,437.0,182.0,84.0,130.0,682.0,314.0,453.0,50.0,205.0,18.0,219.0,15.0,0.0,,,,
20 Jun 21,696408,5293,880.0,0.0,454.0,628185,5941,4408,60,0.0,63815,13849262.0,77651.0,6.82,,,5286.0,163.0,1680.0,379.0,693.0,170.0,114.0,156.0,661.0,627.0,205.0,77.0,183.0,12.0,167.0,4.0,2.0,,,,
19 Jun 21,691115,5911,886.0,0.0,441.0,622244,6918,4348,72,0.0,64523,13771611.0,83713.0,7.06,,,5910.0,201.0,2111.0,483.0,770.0,204.0,167.0,185.0,569.0,498.0,245.0,56.0,134.0,62.0,223.0,3.0,0.0,,,,
18 Jun 21,685204,6440,894.0,0.0,451.0,615326,6861,4276,74,0.0,65602,13687898.0,82969.0,7.76,,,6435.0,199.0,2095.0,816.0,870.0,159.0,122.0,152.0,536.0,592.0,357.0,79.0,223.0,32.0,200.0,6.0,2.0,,,,
17 Jun 21,678764,5738,909.0,0.0,441.0,608465,7530,4202,60,0.0,66097,13604929.0,82369.0,6.97,,,5735.0,248.0,1858.0,641.0,1086.0,197.0,97.0,97.0,559.0,449.0,30.0,54.0,184.0,77.0,154.0,7.0,0.0,,,,
16 Jun 21,673026,5150,924.0,2.0,453.0,600935,7240,4142,73,0.0,67949,13522560.0,84866.0,6.07,,,5147.0,184.0,1914.0,480.0,607.0,228.0,99.0,101.0,570.0,392.0,66.0,57.0,152.0,56.0,230.0,6.0,8.0,,,,
15 Jun 21,667876,5419,922.0,1.0,450.0,593695,6831,4069,101,6.0,70112,13437694.0,77065.0,7.03,,,5413.0,230.0,1996.0,650.0,396.0,252.0,124.0,138.0,718.0,366.0,68.0,32.0,155.0,43.0,245.0,5.0,1.0,,,,
14 Jun 21,662457,4949,921.0,4.0,459.0,586864,6588,3968,60,6.0,71625,13360629.0,70044.0,7.07,,,4943.0,273.0,1523.0,503.0,323.0,199.0,214.0,113.0,744.0,430.0,136.0,61.0,119.0,86.0,214.0,10.0,1.0,,,,
13 Jun 21,657508,5304,917.0,3.0,452.0,580276,8163,3908,64,0.0,73324,13290585.0,80130.0,6.62,,,5304.0,335.0,1973.0,462.0,331.0,301.0,256.0,158.0,544.0,363.0,121.0,78.0,145.0,46.0,179.0,7.0,5.0,,,,
12 Jun 21,652204,5793,914.0,2.0,459.0,572113,8334,3844,76,6.0,76247,13210455.0,90238.0,6.42,,,5787.0,378.0,1582.0,559.0,618.0,171.0,198.0,250.0,569.0,504.0,218.0,121.0,178.0,82.0,337.0,23.0,5.0,,,,
11 Jun 21,646411,6849,912.0,1.0,458.0,563779,7749,3768,84,4.0,78864,13120217.0,99974.0,6.85,,,6845.0,309.0,2558.0,884.0,685.0,161.0,205.0,176.0,699.0,426.0,161.0,89.0,170.0,66.0,248.0,10.0,2.0,,,,
10 Jun 21,639562,5671,911.0,6.0,462.0,556030,7325,3684,73,8.0,79848,13020243.0,100059.0,5.67,,,5663.0,233.0,1510.0,769.0,593.0,309.0,166.0,106.0,631.0,524.0,143.0,112.0,184.0,108.0,262.0,18.0,3.0,,,,
09 Jun 21,633891,6239,905.0,2.0,453.0,548705,7386,3611,75,11.0,81575,12920184.0,90887.0,6.86,,,6228.0,232.0,2291.0,704.0,507.0,135.0,194.0,200.0,419.0,468.0,175.0,232.0,150.0,171.0,340.0,17.0,4.0,,,,
08 Jun 21,627652,5566,903.0,1.0,458.0,541319,6962,3536,76,4.0,82797,12829297.0,77030.0,7.23,,,5562.0,350.0,1524.0,466.0,505.0,148.0,185.0,191.0,707.0,456.0,225.0,157.0,314.0,106.0,204.0,27.0,1.0,,,,
07 Jun 21,622086,5271,902.0,12.0,447.0,534357,7548,3460,82,14.0,84269,12752267.0,81708.0,6.45,,,5257.0,336.0,1374.0,455.0,571.0,194.0,153.0,209.0,703.0,355.0,177.0,99.0,178.0,117.0,341.0,8.0,1.0,,,,
06 Jun 21,616815,6241,890.0,4.0,444.0,526809,5133,3378,87,14.0,86628,12670559.0,89998.0,6.93,,,6227.0,305.0,2178.0,415.0,556.0,125.0,271.0,212.0,600.0,565.0,174.0,155.0,225.0,158.0,270.0,30.0,2.0,,,,
05 Jun 21,610574,7452,886.0,3.0,446.0,521676,6105,3291,109,8.0,85607,12580561.0,103862.0,7.17,,,7444.0,259.0,2509.0,678.0,843.0,263.0,370.0,205.0,651.0,412.0,252.0,286.0,206.0,190.0,312.0,12.0,4.0,,,,
04 Jun 21,603122,7748,883.0,3.0,459.0,515571,6624,3182,86,2.0,84369,12476699.0,105293.0,7.36,,,7746.0,287.0,2612.0,851.0,709.0,263.0,376.0,230.0,706.0,446.0,371.0,146.0,234.0,203.0,286.0,20.0,8.0,,,,
03 Jun 21,595374,8209,880.0,2.0,446.0,508947,7049,3096,103,65.0,83331,12371406.0,104109.0,7.89,,,8145.0,203.0,3125.0,801.0,576.0,373.0,303.0,62.0,594.0,752.0,384.0,135.0,322.0,127.0,414.0,33.0,5.0,,,,
02 Jun 21,587165,7703,878.0,6.0,441.0,501898,5777,2993,126,2.0,82274,12267297.0,100288.0,7.68,,,7701.0,254.0,2728.0,701.0,586.0,283.0,407.0,159.0,588.0,554.0,224.0,237.0,209.0,224.0,541.0,1.0,7.0,,,,
01 Jun 21,579462,7105,872.0,21.0,419.0,496121,6083,2867,71,2.0,80474,12167009.0,100885.0,7.04,,,7103.0,318.0,2068.0,817.0,397.0,236.0,400.0,162.0,703.0,431.0,387.0,190.0,249.0,198.0,531.0,18.0,0.0,,,,
31 May 21,572357,6824,851.0,5.0,422.0,490038,5251,2796,67,3.0,79523,12066124.0,89227.0,7.65,,,6821.0,207.0,2111.0,387.0,253.0,464.0,328.0,166.0,654.0,489.0,255.0,219.0,352.0,204.0,695.0,28.0,12.0,,,,
30 May 21,565533,6999,846.0,2.0,419.0,484787,5121,2729,78,4.0,78017,11976897.0,109562.0,6.39,,,6995.0,190.0,2477.0,616.0,468.0,422.0,248.0,133.0,513.0,433.0,212.0,239.0,202.0,214.0,612.0,13.0,7.0,,,,
29 May 21,558534,9020,844.0,36.0,430.0,479666,5527,2650,98,5.0,76218,11867335.0,126480.0,7.13,,,9015.0,265.0,2836.0,789.0,898.0,468.0,345.0,253.0,726.0,468.0,272.0,216.0,340.0,189.0,907.0,29.0,19.0,,,,
28 May 21,549514,8290,808.0,37.0,403.0,474139,4814,2552,61,2.0,72823,11740855.0,115854.0,7.16,,,8288.0,308.0,2052.0,830.0,520.0,544.0,421.0,6.0,698.0,762.0,405.0,254.0,380.0,207.0,851.0,44.0,8.0,1054876.0,146158.0,5141.0,192.0
27 May 21,541224,7857,771.0,15.0,392.0,469325,4598,2491,59,8.0,69408,11625001.0,111650.0,7.04,,,7849.0,217.0,2675.0,561.0,353.0,441.0,365.0,170.0,772.0,549.0,228.0,238.0,234.0,282.0,754.0,12.0,6.0,1054107.0,145498.0,4791.0,190.0
26 May 21,533367,7478,756.0,30.0,377.0,464727,4665,2432,63,5.0,66208,11513351.0,114446.0,6.53,,,7473.0,229.0,2455.0,760.0,370.0,542.0,420.0,49.0,640.0,587.0,264.0,171.0,230.0,177.0,547.0,29.0,8.0,1053501.0,144983.0,4653.0,190.0
25 May 21,525889,7289,726.0,15.0,373.0,460062,3789,2369,60,4.0,63458,11398905.0,97121.0,7.51,,,7285.0,266.0,2642.0,604.0,410.0,336.0,380.0,63.0,513.0,664.0,218.0,211.0,258.0,268.0,425.0,23.0,8.0,1051806.0,144426.0,4433.0,184.0
24 May 21,518600,6509,711.0,30.0,369.0,456273,3452,2309,61,20.0,60018,11301784.0,95450.0,6.82,,,6489.0,184.0,2049.0,468.0,329.0,348.0,384.0,171.0,530.0,468.0,231.0,257.0,329.0,263.0,451.0,40.0,7.0,1051185.0,143951.0,4165.0,183.0
23 May 21,512091,6976,681.0,29.0,361.0,452821,3587,2248,49,5.0,57022,11206334.0,106208.0,6.57,,,6971.0,136.0,2235.0,447.0,434.0,422.0,372.0,37.0,663.0,549.0,279.0,263.0,209.0,266.0,626.0,30.0,8.0,1048013.0,143390.0,3812.0,183.0
22 May 21,505115,6320,652.0,9.0,370.0,449234,4694,2199,50,3.0,53682,11100126.0,114027.0,5.54,,,6317.0,189.0,1647.0,654.0,396.0,301.0,359.0,36.0,749.0,477.0,276.0,227.0,175.0,185.0,613.0,18.0,18.0,1047312.0,142739.0,3498.0,182.0
21 May 21,498795,6493,643.0,56.0,363.0,444540,4508,2149,50,2.0,52106,10986099.0,109116.0,5.95,,,6491.0,144.0,2163.0,641.0,370.0,434.0,302.0,84.0,612.0,406.0,382.0,161.0,165.0,139.0,467.0,20.0,3.0,1046890.0,142289.0,3414.0,180.0
20 May 21,492302,6806,587.0,28.0,330.0,440032,3916,2099,59,2.0,50171,10876983.0,111381.0,6.11,,,6804.0,245.0,2277.0,655.0,291.0,417.0,362.0,17.0,608.0,615.0,248.0,157.0,212.0,233.0,426.0,35.0,8.0,1046376.0,141835.0,3672.0,179.0
19 May 21,485496,6075,559.0,28.0,303.0,436116,3516,2040,46,3.0,47340,10765602.0,101822.0,5.97,,,6072.0,160.0,2251.0,660.0,189.0,445.0,183.0,14.0,323.0,699.0,220.0,150.0,122.0,203.0,441.0,9.0,6.0,1044983.0,141153.0,3275.0,178.0
18 May 21,479421,4865,531.0,9.0,277.0,432600,3497,1994,47,5.0,44827,10663780.0,90678.0,5.37,,,4860.0,95.0,1743.0,477.0,149.0,244.0,220.0,6.0,512.0,407.0,160.0,152.0,127.0,156.0,406.0,9.0,2.0,1044324.0,140531.0,2892.0,177.0
17 May 21,474556,4446,522.0,2.0,273.0,429103,2784,1947,45,3.0,43506,10573102.0,69814.0,6.37,,,4443.0,60.0,1650.0,297.0,243.0,236.0,159.0,0.0,433.0,391.0,203.0,139.0,80.0,201.0,343.0,11.0,0.0,1038957.0,140319.0,2924.0,176.0
16 May 21,470110,3780,520.0,17.0,272.0,426319,3990,1902,36,2.0,41889,10503288.0,58279.0,6.49,,,3778.0,87.0,1275.0,342.0,70.0,363.0,187.0,7.0,405.0,224.0,115.0,159.0,122.0,58.0,357.0,7.0,2.0,1037505.0,140106.0,2950.0,175.0
15 May 21,466330,4140,503.0,21.0,272.0,422329,3432,1866,44,9.0,42135,10445009.0,47480.0,8.72,,,4131.0,60.0,1507.0,398.0,190.0,239.0,338.0,3.0,324.0,433.0,182.0,116.0,97.0,119.0,109.0,23.0,2.0,1037167.0,139769.0,3088.0,174.0
14 May 21,462190,4113,482.0,1.0,250.0,418897,4190,1822,34,1.0,41471,10397529.0,56440.0,7.29,,,4112.0,53.0,1269.0,306.0,124.0,228.0,266.0,6.0,533.0,335.0,147.0,178.0,107.0,165.0,371.0,20.0,5.0,1036764.0,139366.0,3075.0,173.0
13 May 21,458077,4855,481.0,12.0,247.0,414707,3347,1788,27,3.0,41582,10341089.0,83974.0,5.78,,,4852.0,76.0,1783.0,521.0,100.0,193.0,395.0,4.0,395.0,467.0,302.0,56.0,67.0,148.0,339.0,9.0,0.0,1036440.0,139044.0,3187.0,173.0
12 May 21,453222,4765,469.0,16.0,244.0,411360,3124,1761,39,7.0,40101,10257115.0,87458.0,5.45,,,4758.0,70.0,2082.0,540.0,122.0,226.0,259.0,6.0,405.0,348.0,172.0,63.0,110.0,60.0,297.0,4.0,1.0,1035975.0,138683.0,3084.0,173.0
11 May 21,448457,3973,453.0,19.0,224.0,408236,2848,1722,22,5.0,38499,10169657.0,54233.0,7.33,,,3968.0,50.0,1328.0,483.0,126.0,174.0,187.0,3.0,512.0,384.0,140.0,85.0,79.0,93.0,321.0,8.0,0.0,1034614.0,138214.0,2772.0,171.0
10 May 21,444484,3807,434.0,18.0,224.0,405388,3454,1700,17,5.0,37396,10115424.0,59918.0,6.35,,,3802.0,96.0,1149.0,320.0,144.0,224.0,245.0,3.0,649.0,257.0,119.0,77.0,88.0,93.0,329.0,11.0,3.0,1034212.0,137782.0,2642.0,171.0
09 May 21,440677,3733,416.0,23.0,216.0,401934,3211,1683,26,6.0,37060,10055506.0,75093.0,4.97,,,3727.0,61.0,1278.0,338.0,205.0,176.0,280.0,6.0,454.0,365.0,80.0,100.0,66.0,49.0,254.0,20.0,1.0,1032575.0,137619.0,2922.0,170.0
08 May 21,436944,4519,393.0,21.0,210.0,398723,2719,1657,25,5.0,36564,9980413.0,76099.0,5.94,,,4514.0,63.0,1722.0,557.0,98.0,183.0,363.0,2.0,479.0,288.0,108.0,99.0,100.0,71.0,373.0,12.0,1.0,1032142.0,137188.0,2796.0,169.0
07 May 21,432425,4498,372.0,18.0,211.0,396004,3449,1632,22,5.0,34789,9904314.0,82676.0,5.44,,,4493.0,153.0,1424.0,436.0,188.0,209.0,313.0,2.0,750.0,327.0,148.0,78.0,74.0,87.0,297.0,8.0,4.0,1031445.0,136638.0,2630.0,168.0
06 May 21,427927,3551,354.0,26.0,199.0,392555,2709,1610,19,16.0,33762,9821638.0,82834.0,4.29,,,3535.0,69.0,1137.0,477.0,85.0,112.0,305.0,2.0,391.0,258.0,137.0,97.0,82.0,58.0,326.0,12.0,3.0,1030534.0,136320.0,2421.0,166.0
05 May 21,424376,3744,328.0,0.0,185.0,389846,2304,1591,17,7.0,32939,9738804.0,80377.0,4.66,,,3737.0,50.0,1548.0,313.0,76.0,124.0,195.0,5.0,419.0,292.0,65.0,49.0,43.0,73.0,480.0,11.0,1.0,1030206.0,136021.0,2375.0,165.0
04 May 21,420632,3120,338.0,0.0,181.0,387542,2334,1574,23,6.0,31516,9658427.0,66410.0,4.7,,,3114.0,89.0,675.0,408.0,95.0,155.0,167.0,5.0,620.0,336.0,117.0,41.0,52.0,53.0,296.0,11.0,0.0,1029892.0,135792.0,2320.0,165.0
03 May 21,417512,2500,352.0,7.0,186.0,385208,2068,1551,18,4.0,30753,9592017.0,51212.0,4.88,,,2496.0,57.0,637.0,200.0,97.0,103.0,194.0,0.0,356.0,205.0,59.0,55.0,95.0,38.0,401.0,3.0,0.0,1028646.0,135591.0,2268.0,165.0
02 May 21,415012,3418,345.0,8.0,175.0,383140,2698,1533,12,10.0,30339,9540805.0,58585.0,5.83,,,3408.0,115.0,1200.0,198.0,73.0,101.0,145.0,7.0,587.0,213.0,77.0,45.0,61.0,184.0,400.0,8.0,4.0,1027742.0,135394.0,2269.0,164.0
01 May 21,411594,2881,337.0,9.0,176.0,380442,2462,1521,15,16.0,29631,9482220.0,77984.0,3.69,,,2865.0,64.0,759.0,315.0,89.0,111.0,133.0,3.0,445.0,310.0,64.0,47.0,54.0,42.0,442.0,3.0,0.0,1026097.0,135111.0,2408.0,164.0
30 Apr 21,408713,3788,328.0,19.0,161.0,377980,2640,1506,14,2.0,29227,9404236.0,70449.0,5.38,,,3786.0,89.0,1265.0,255.0,136.0,136.0,250.0,2.0,760.0,160.0,118.0,54.0,55.0,37.0,464.0,2.0,5.0,1023624.0,134844.0,2453.0,164.0
29 Apr 21,404925,3332,309.0,3.0,147.0,375340,1943,1492,15,9.0,28093,9333787.0,78276.0,4.26,,,3323.0,131.0,1083.0,359.0,111.0,105.0,158.0,0.0,522.0,207.0,91.0,92.0,43.0,19.0,401.0,9.0,1.0,1022866.0,134532.0,2324.0,163.0
28 Apr 21,401593,3142,306.0,12.0,151.0,373397,1822,1477,15,13.0,26719,9255511.0,73158.0,4.29,,,3129.0,87.0,1019.0,440.0,61.0,120.0,98.0,4.0,416.0,194.0,69.0,15.0,42.0,40.0,523.0,13.0,1.0,1022613.0,134300.0,2341.0,162.0
27 Apr 21,398451,2733,294.0,0.0,138.0,371575,2019,1462,13,5.0,25414,9182353.0,61034.0,4.48,,,2728.0,82.0,750.0,377.0,39.0,51.0,115.0,0.0,432.0,220.0,38.0,35.0,33.0,61.0,484.0,15.0,1.0,1022005.0,134112.0,2328.0,162.0
26 Apr 21,395718,2776,300.0,17.0,133.0,369556,1803,1449,13,3.0,24713,9121319.0,55149.0,5.03,,,2773.0,88.0,762.0,254.0,112.0,39.0,123.0,2.0,615.0,309.0,45.0,34.0,34.0,9.0,343.0,7.0,0.0,1021623.0,133863.0,2236.0,161.0
25 Apr 21,392942,2690,283.0,11.0,121.0,367753,1853,1436,10,10.0,23753,9066170.0,64638.0,4.16,,,2680.0,121.0,751.0,217.0,57.0,76.0,117.0,3.0,595.0,159.0,64.0,33.0,42.0,25.0,424.0,5.0,1.0,1020508.0,133472.0,2057.0,160.0
24 Apr 21,390252,2717,272.0,12.0,124.0,365900,2292,1426,11,26.0,22926,9001532.0,77559.0,3.5,,,2691.0,132.0,768.0,240.0,27.0,34.0,134.0,0.0,570.0,126.0,54.0,22.0,30.0,50.0,518.0,11.0,1.0,1018887.0,133181.0,1911.0,160.0
23 Apr 21,387535,2847,260.0,12.0,125.0,363608,2341,1415,8,4.0,22512,8923973.0,74367.0,3.83,,,2843.0,82.0,748.0,302.0,105.0,44.0,89.0,3.0,717.0,130.0,45.0,39.0,42.0,11.0,476.0,14.0,0.0,1018634.0,132959.0,2035.0,159.0
22 Apr 21,384688,2875,248.0,0.0,115.0,361267,2541,1407,7,29.0,22014,8849606.0,66579.0,4.32,,,2846.0,160.0,633.0,332.0,55.0,91.0,144.0,3.0,474.0,169.0,49.0,29.0,42.0,22.0,662.0,10.0,0.0,1018385.0,132713.0,2278.0,158.0
21 Apr 21,381813,2340,248.0,0.0,101.0,358726,1910,1400,11,12.0,21687,8783027.0,64921.0,3.6,,,2328.0,172.0,526.0,291.0,24.0,55.0,111.0,2.0,429.0,170.0,38.0,81.0,63.0,1.0,370.0,6.0,1.0,1016702.0,132483.0,2546.0,157.0
20 Apr 21,379473,2341,249.0,21.0,95.0,356816,1592,1389,3,7.0,21268,8718106.0,52967.0,4.42,,,2334.0,82.0,539.0,344.0,17.0,44.0,92.0,1.0,600.0,102.0,34.0,17.0,19.0,15.0,429.0,3.0,3.0,1015070.0,132280.0,2627.0,155.0
19 Apr 21,377132,2078,228.0,9.0,93.0,355224,1402,1386,8,13.0,20522,8665139.0,63413.0,3.28,,,2065.0,125.0,457.0,153.0,91.0,48.0,91.0,6.0,589.0,115.0,43.0,32.0,27.0,8.0,290.0,2.0,1.0,1014899.0,132150.0,2866.0,154.0
18 Apr 21,375054,2195,219.0,0.0,90.0,353822,1427,1378,8,10.0,19854,8601726.0,61526.0,3.57,,,2185.0,112.0,431.0,176.0,42.0,30.0,84.0,6.0,508.0,387.0,35.0,15.0,15.0,16.0,332.0,3.0,3.0,1013800.0,131960.0,2868.0,154.0
17 Apr 21,372859,2331,225.0,0.0,92.0,352395,1832,1370,5,12.0,19094,8540200.0,67515.0,3.45,,,2319.0,163.0,751.0,252.0,89.0,45.0,116.0,2.0,512.0,100.0,42.0,20.0,9.0,0.0,225.0,4.0,1.0,1008282.0,131604.0,2780.0,154.0
16 Apr 21,370528,2551,227.0,15.0,91.0,350563,1524,1365,2,29.0,18600,8472685.0,64715.0,3.94,,,2522.0,143.0,590.0,245.0,53.0,35.0,91.0,1.0,960.0,121.0,49.0,47.0,28.0,16.0,164.0,6.0,2.0,1008075.0,131378.0,3253.0,154.0
15 Apr 21,367977,2148,212.0,8.0,82.0,349039,1259,1363,10,19.0,17575,8407970.0,62569.0,3.43,,,2129.0,202.0,459.0,171.0,34.0,26.0,134.0,3.0,512.0,182.0,51.0,34.0,53.0,57.0,221.0,8.0,1.0,1006220.0,131070.0,3305.0,154.0
14 Apr 21,365829,1889,204.0,5.0,79.0,347780,1485,1353,8,6.0,16696,8345401.0,53141.0,3.55,,,1883.0,142.0,517.0,134.0,51.0,53.0,92.0,1.0,489.0,84.0,56.0,13.0,6.0,14.0,226.0,8.0,3.0,1005876.0,130719.0,3238.0,153.0
13 Apr 21,363940,1767,199.0,11.0,82.0,346295,1290,1345,12,9.0,16300,8292260.0,51998.0,3.4,,,1758.0,117.0,483.0,133.0,29.0,39.0,92.0,3.0,607.0,74.0,36.0,14.0,17.0,13.0,103.0,7.0,0.0,1005676.0,130522.0,3596.0,152.0
12 Apr 21,362173,1317,188.0,5.0,84.0,345005,1052,1333,4,12.0,15835,8240262.0,35266.0,3.73,,,1305.0,109.0,303.0,116.0,63.0,47.0,112.0,0.0,351.0,61.0,21.0,32.0,11.0,22.0,58.0,9.0,2.0,1003461.0,130265.0,3645.0,152.0
11 Apr 21,360856,1739,183.0,0.0,81.0,343953,1216,1329,8,8.0,15574,8204996.0,47063.0,3.7,,,1731.0,127.0,535.0,96.0,40.0,40.0,113.0,4.0,443.0,67.0,50.0,22.0,59.0,34.0,98.0,11.0,0.0,1002857.0,130063.0,3714.0,152.0
10 Apr 21,359117,1510,194.0,25.0,81.0,342737,1248,1321,8,5.0,15059,8157933.0,53512.0,2.82,,,1505.0,131.0,415.0,106.0,28.0,59.0,101.0,2.0,296.0,80.0,46.0,13.0,6.0,44.0,171.0,10.0,2.0,1002473.0,129670.0,3574.0,152.0
09 Apr 21,357607,1854,169.0,0.0,79.0,341489,1247,1313,5,20.0,14805,8104421.0,53834.0,3.44,,,1834.0,139.0,403.0,135.0,40.0,40.0,176.0,3.0,555.0,103.0,29.0,19.0,34.0,29.0,143.0,6.0,0.0,1002018.0,129501.0,3805.0,152.0
08 Apr 21,355753,1285,186.0,0.0,81.0,340242,1175,1308,4,17.0,14203,8050587.0,58012.0,2.22,,,1268.0,106.0,374.0,120.0,12.0,31.0,162.0,3.0,211.0,101.0,24.0,12.0,11.0,11.0,87.0,19.0,1.0,1000403.0,129270.0,3816.0,150.0
07 Apr 21,354468,1139,194.0,5.0,86.0,339067,1199,1304,4,13.0,14097,7992575.0,51214.0,2.22,,,1126.0,60.0,294.0,84.0,30.0,35.0,93.0,1.0,332.0,102.0,24.0,23.0,13.0,10.0,38.0,0.0,0.0,999959.0,128992.0,3832.0,150.0
06 Apr 21,353329,1300,189.0,9.0,88.0,337868,1412,1300,5,24.0,14161,7941361.0,46839.0,2.78,,,1276.0,112.0,242.0,87.0,14.0,27.0,110.0,8.0,385.0,98.0,61.0,11.0,7.0,9.0,126.0,3.0,0.0,994824.0,128861.0,4030.0,150.0
05 Apr 21,352029,1070,180.0,0.0,89.0,336456,1294,1295,7,9.0,14278,7894522.0,34512.0,3.1,,,1061.0,65.0,327.0,88.0,12.0,34.0,133.0,17.0,225.0,55.0,8.0,37.0,25.0,3.0,31.0,8.0,2.0,993904.0,128491.0,4221.0,150.0
04 Apr 21,350959,1349,186.0,19.0,94.0,335162,1270,1288,2,7.0,14509,7860010.0,45236.0,2.98,,,1342.0,68.0,343.0,73.0,20.0,32.0,185.0,22.0,419.0,95.0,24.0,11.0,15.0,6.0,18.0,17.0,1.0,993161.0,128329.0,4486.0,150.0
03 Apr 21,349610,1638,167.0,0.0,81.0,333892,1449,1286,3,7.0,14432,7814774.0,50237.0,3.26,,,1631.0,73.0,352.0,67.0,25.0,20.0,92.0,12.0,290.0,83.0,494.0,35.0,20.0,4.0,64.0,7.0,0.0,989604.0,127973.0,4523.0,150.0
02 Apr 21,347972,1294,168.0,5.0,78.0,332443,1442,1283,5,26.0,14246,7764537.0,53187.0,2.43,,,1268.0,63.0,455.0,88.0,31.0,21.0,139.0,4.0,217.0,103.0,14.0,57.0,22.0,8.0,66.0,5.0,1.0,988890.0,127288.0,4286.0,150.0
01 Apr 21,346678,1178,163.0,0.0,81.0,331001,1178,1278,6,20.0,14399,7711350.0,55437.0,2.12,,,1158.0,86.0,237.0,101.0,34.0,32.0,190.0,7.0,238.0,165.0,31.0,14.0,9.0,6.0,27.0,1.0,0.0,,,,
31 Mar 21,345500,1482,164.0,3.0,81.0,329624,1070,1272,7,2.0,14604,7655913.0,52792.0,2.81,,,1480.0,69.0,661.0,42.0,32.0,37.0,200.0,8.0,176.0,86.0,31.0,36.0,41.0,2.0,57.0,3.0,1.0,,,,
30 Mar 21,344018,1133,161.0,0.0,76.0,328554,1148,1265,5,8.0,14199,7603121.0,47399.0,2.39,,,1125.0,41.0,401.0,53.0,39.0,41.0,194.0,1.0,153.0,96.0,44.0,16.0,6.0,2.0,44.0,1.0,1.0,,,,
29 Mar 21,342885,941,166.0,0.0,73.0,327406,1097,1260,5,8.0,14219,7555722.0,34339.0,2.74,,,933.0,34.0,219.0,57.0,18.0,13.0,164.0,1.0,192.0,171.0,5.0,5.0,8.0,4.0,49.0,1.0,0.0,,,,
28 Mar 21,341944,1302,169.0,2.0,76.0,326309,1127,1255,4,9.0,14380,7521383.0,42947.0,3.03,,,1293.0,38.0,256.0,58.0,9.0,23.0,212.0,6.0,426.0,176.0,23.0,32.0,5.0,2.0,34.0,2.0,0.0,,,,
27 Mar 21,340642,1199,167.0,6.0,72.0,325182,1257,1251,2,5.0,14209,7478436.0,50557.0,2.37,,,1194.0,64.0,283.0,84.0,43.0,33.0,125.0,2.0,267.0,81.0,9.0,30.0,36.0,3.0,138.0,1.0,0.0,,,,
26 Mar 21,339443,1275,161.0,4.0,70.0,323925,1509,1249,1,32.0,14269,7427879.0,55287.0,2.31,,,1243.0,51.0,478.0,86.0,12.0,27.0,137.0,5.0,213.0,120.0,28.0,6.0,19.0,3.0,86.0,2.0,2.0,,,,
25 Mar 21,338168,1360,157.0,0.0,72.0,322416,1491,1248,2,1.0,14504,7372592.0,56533.0,2.41,,,1359.0,70.0,356.0,98.0,49.0,44.0,113.0,3.0,308.0,129.0,71.0,10.0,32.0,6.0,63.0,8.0,0.0,,,,
24 Mar 21,336808,1268,161.0,13.0,73.0,320925,1083,1246,2,5.0,14637,7316059.0,51321.0,2.47,,,1263.0,45.0,490.0,53.0,59.0,49.0,99.0,1.0,141.0,135.0,42.0,43.0,52.0,4.0,49.0,6.0,0.0,,,,
23 Mar 21,335540,1384,148.0,0.0,62.0,319842,1058,1244,6,9.0,14454,7264738.0,45575.0,3.04,,,1375.0,60.0,625.0,64.0,10.0,51.0,100.0,14.0,140.0,161.0,4.0,38.0,45.0,7.0,65.0,0.0,0.0,,,,
22 Mar 21,334156,1116,156.0,2.0,60.0,318784,1495,1238,5,8.0,14134,7219163.0,34654.0,3.22,,,1108.0,36.0,403.0,158.0,41.0,27.0,88.0,8.0,124.0,86.0,39.0,42.0,12.0,3.0,44.0,5.0,0.0,,,,
21 Mar 21,333040,1327,154.0,3.0,65.0,317289,1247,1233,4,11.0,14518,7184509.0,47450.0,2.8,,,1316.0,50.0,356.0,115.0,22.0,30.0,205.0,0.0,276.0,141.0,55.0,11.0,10.0,18.0,30.0,3.0,5.0,,,,
20 Mar 21,331713,1671,151.0,0.0,64.0,316042,1585,1229,4,2.0,14442,7137059.0,51668.0,3.23,,,1669.0,102.0,652.0,78.0,25.0,46.0,328.0,3.0,154.0,130.0,37.0,3.0,18.0,32.0,63.0,0.0,0.0,,,,
19 Mar 21,330042,1576,151.0,0.0,57.0,314457,1996,1225,2,11.0,14360,7085391.0,55421.0,2.84,,,1565.0,33.0,348.0,175.0,41.0,25.0,182.0,2.0,407.0,137.0,100.0,13.0,54.0,6.0,52.0,1.0,0.0,,,,
18 Mar 21,328466,1213,155.0,1.0,54.0,312461,1503,1223,3,6.0,14782,7029970.0,58599.0,2.07,,,1207.0,73.0,353.0,79.0,23.0,38.0,104.0,2.0,303.0,142.0,39.0,14.0,8.0,15.0,20.0,0.0,0.0,,,,
17 Mar 21,327253,1219,154.0,2.0,64.0,310958,1346,1220,2,7.0,15075,6971371.0,53824.0,2.26,,,1212.0,31.0,499.0,54.0,46.0,26.0,69.0,1.0,225.0,169.0,36.0,3.0,20.0,15.0,19.0,5.0,1.0,,,,
16 Mar 21,326034,1063,152.0,0.0,68.0,309612,1365,1218,5,4.0,15204,6917547.0,46960.0,2.26,,,1059.0,38.0,323.0,86.0,17.0,32.0,175.0,1.0,183.0,91.0,24.0,2.0,1.0,23.0,67.0,0.0,0.0,,,,
15 Mar 21,324971,1208,155.0,0.0,70.0,308247,1973,1213,3,9.0,15511,6870587.0,40370.0,2.99,,,1199.0,29.0,379.0,61.0,80.0,27.0,142.0,0.0,251.0,118.0,37.0,17.0,2.0,39.0,25.0,1.0,0.0,,,,
14 Mar 21,323763,1354,158.0,0.0,71.0,306274,1782,1210,4,14.0,16279,6838276.0,40370.0,3.35,,,1340.0,39.0,577.0,55.0,21.0,33.0,154.0,1.0,178.0,121.0,101.0,5.0,4.0,37.0,26.0,2.0,0.0,,,,
13 Mar 21,322409,1470,162.0,15.0,70.0,304492,1830,1206,3,12.0,16711,6797906.0,50393.0,2.92,,,1458.0,71.0,551.0,158.0,6.0,13.0,178.0,1.0,222.0,101.0,72.0,8.0,2.0,14.0,40.0,4.0,29.0,,,,
12 Mar 21,320939,1575,147.0,0.0,67.0,302662,2042,1203,3,7.0,17074,6747513.0,51266.0,3.07,,,1568.0,57.0,751.0,108.0,32.0,23.0,132.0,3.0,173.0,135.0,44.0,4.0,25.0,16.0,43.0,4.0,25.0,,,,
11 Mar 21,319364,1647,147.0,0.0,61.0,300620,2104,1200,9,5.0,17544,6696247.0,54074.0,3.05,,,1642.0,61.0,712.0,86.0,79.0,18.0,169.0,1.0,168.0,170.0,69.0,7.0,71.0,4.0,28.0,2.0,2.0,,,,
10 Mar 21,317717,1448,151.0,0.0,72.0,298516,2137,1191,5,10.0,18010,6642173.0,44810.0,3.23,,,1438.0,54.0,561.0,103.0,10.0,20.0,99.0,0.0,199.0,273.0,83.0,1.0,11.0,8.0,19.0,0.0,7.0,,,,
09 Mar 21,316269,1280,155.0,0.0,76.0,296379,2345,1186,9,2.0,18704,6597363.0,37523.0,3.41,,,1278.0,64.0,464.0,119.0,45.0,25.0,143.0,0.0,163.0,165.0,34.0,2.0,0.0,36.0,16.0,3.0,1.0,,,,
08 Mar 21,314989,1529,160.0,0.0,79.0,294034,2076,1177,8,9.0,19778,6559840.0,27227.0,5.62,,,1520.0,71.0,726.0,71.0,89.0,9.0,76.0,0.0,252.0,120.0,49.0,3.0,4.0,13.0,28.0,1.0,17.0,,,,
07 Mar 21,313460,1683,174.0,2.0,81.0,291958,2506,1169,3,10.0,20333,6532613.0,38022.0,4.43,,,1673.0,99.0,746.0,125.0,48.0,15.0,172.0,8.0,201.0,158.0,48.0,12.0,3.0,10.0,12.0,2.0,24.0,,,,
06 Mar 21,311777,1680,172.0,0.0,84.0,289452,2548,1166,7,3.0,21159,6494591.0,39397.0,4.26,,,1677.0,74.0,826.0,81.0,89.0,11.0,84.0,1.0,221.0,139.0,68.0,17.0,10.0,22.0,35.0,2.0,0.0,,,,
05 Mar 21,310097,2154,184.0,0.0,87.0,286904,3275,1159,6,5.0,22034,6455194.0,47569.0,4.53,,,2149.0,97.0,794.0,108.0,77.0,9.0,119.0,2.0,250.0,463.0,109.0,38.0,10.0,16.0,57.0,4.0,1.0,,,,
04 Mar 21,307943,2063,193.0,0.0,99.0,283629,2922,1153,5,9.0,23161,6407625.0,40564.0,5.09,,,2054.0,78.0,630.0,120.0,91.0,12.0,337.0,0.0,361.0,255.0,101.0,13.0,3.0,10.0,44.0,7.0,1.0,,,,
03 Mar 21,305880,1745,195.0,0.0,95.0,280707,2276,1148,7,2.0,24025,6367061.0,45927.0,3.8,,,1743.0,95.0,640.0,92.0,24.0,40.0,90.0,0.0,139.0,376.0,136.0,36.0,36.0,5.0,33.0,3.0,0.0,,,,
02 Mar 21,304135,1555,204.0,6.0,96.0,278431,2528,1141,6,3.0,24563,6321134.0,46347.0,3.36,,,1552.0,53.0,672.0,145.0,115.0,11.0,106.0,0.0,159.0,163.0,63.0,3.0,11.0,7.0,46.0,1.0,0.0,,,,
01 Mar 21,302580,1828,198.0,0.0,90.0,275903,2486,1135,5,7.0,25542,6274787.0,40268.0,4.54,,,1821.0,104.0,453.0,75.0,167.0,16.0,85.0,0.0,220.0,490.0,144.0,8.0,8.0,15.0,36.0,6.0,1.0,,,,
28 Feb 21,300752,2437,202.0,12.0,93.0,273417,3251,1130,9,2.0,26205,6234519.0,40831.0,5.97,,,2435.0,134.0,914.0,337.0,65.0,13.0,105.0,2.0,171.0,340.0,287.0,11.0,10.0,12.0,33.0,3.0,0.0,,,,
27 Feb 21,298315,2364,190.0,0.0,99.0,270166,3320,1121,10,1.0,27028,6193688.0,55480.0,4.26,,,2363.0,157.0,862.0,117.0,74.0,17.0,155.0,0.0,255.0,314.0,305.0,8.0,17.0,11.0,68.0,4.0,0.0,,,,
26 Feb 21,295951,2253,201.0,0.0,93.0,266846,3085,1111,11,7.0,27994,6138208.0,51898.0,4.34,,,2246.0,129.0,633.0,122.0,68.0,25.0,93.0,0.0,250.0,276.0,545.0,21.0,13.0,1.0,73.0,0.0,4.0,,,,
25 Feb 21,293698,1924,205.0,16.0,91.0,263761,3752,1100,12,6.0,28837,6086310.0,61096.0,3.15,,,1918.0,93.0,666.0,218.0,62.0,29.0,162.0,4.0,219.0,257.0,120.0,19.0,22.0,6.0,44.0,2.0,1.0,,,,
24 Feb 21,291774,3545,189.0,0.0,88.0,260009,3331,1088,12,1.0,30677,6025214.0,64995.0,5.45,1544.0,2000.0,3544.0,105.0,581.0,381.0,1392.0,17.0,95.0,5.0,353.0,318.0,188.0,8.0,26.0,22.0,53.0,1.0,0.0,,,,
23 Feb 21,288229,2468,196.0,0.0,92.0,256678,4055,1076,14,4.0,30475,5960219.0,50440.0,4.89,,,2464.0,94.0,932.0,155.0,100.0,15.0,155.0,6.0,133.0,428.0,308.0,11.0,22.0,9.0,96.0,4.0,0.0,,,,
22 Feb 21,285761,2192,199.0,0.0,91.0,252623,3414,1062,6,3.0,32076,5909779.0,38572.0,5.68,,,2189.0,110.0,910.0,303.0,64.0,26.0,135.0,0.0,221.0,211.0,148.0,7.0,14.0,4.0,28.0,7.0,4.0,,,,
21 Feb 21,283569,3297,209.0,2.0,91.0,249209,4456,1056,5,6.0,33304,5871207.0,49498.0,6.66,,,3291.0,85.0,868.0,123.0,122.0,15.0,127.0,3.0,185.0,431.0,1215.0,9.0,65.0,12.0,30.0,7.0,0.0,,,,
20 Feb 21,280272,2461,207.0,0.0,91.0,244753,4782,1051,8,0.0,34468,5821709.0,56003.0,4.39,,,2461.0,109.0,1001.0,230.0,89.0,101.0,87.0,0.0,134.0,233.0,108.0,42.0,32.0,22.0,257.0,13.0,3.0,,,,
19 Feb 21,277811,2936,220.0,0.0,104.0,239971,4889,1043,13,17.0,36797,5765706.0,61620.0,4.76,,,2919.0,101.0,978.0,227.0,191.0,36.0,188.0,1.0,199.0,730.0,155.0,26.0,26.0,37.0,38.0,3.0,0.0,,,,
18 Feb 21,274875,2712,227.0,0.0,103.0,235082,5320,1030,25,4.0,38763,5704086.0,56694.0,4.78,,,2708.0,114.0,1013.0,212.0,81.0,182.0,116.0,5.0,200.0,426.0,198.0,52.0,38.0,19.0,43.0,7.0,6.0,,,,
17 Feb 21,272163,2998,231.0,0.0,115.0,229762,5709,1005,22,7.0,41396,5647392.0,52593.0,5.7,,,2991.0,94.0,1382.0,226.0,233.0,36.0,92.0,1.0,200.0,436.0,99.0,14.0,20.0,91.0,72.0,2.0,0.0,,,,
16 Feb 21,269165,2720,253.0,0.0,118.0,224053,5718,983,8,0.0,44129,5594799.0,42741.0,6.36,,,2720.0,132.0,1300.0,318.0,64.0,38.0,72.0,1.0,193.0,451.0,69.0,19.0,14.0,26.0,17.0,6.0,0.0,,,,
15 Feb 21,266445,2176,260.0,0.0,112.0,218335,4521,975,10,1.0,47135,5552058.0,23791.0,9.15,,,2175.0,97.0,910.0,182.0,145.0,33.0,91.0,0.0,246.0,269.0,83.0,15.0,14.0,53.0,31.0,7.0,0.0,,,,
14 Feb 21,264269,2464,260.0,0.0,111.0,213814,4525,965,7,3.0,49490,5528267.0,24275.0,10.15,,,2461.0,116.0,1103.0,154.0,40.0,92.0,56.0,1.0,161.0,492.0,85.0,10.0,11.0,51.0,88.0,4.0,0.0,,,,
13 Feb 21,261805,3499,263.0,5.0,118.0,209289,3515,958,5,1.0,51558,5503992.0,29301.0,11.94,,,3498.0,101.0,1345.0,511.0,58.0,111.0,138.0,2.0,152.0,802.0,121.0,13.0,50.0,46.0,44.0,3.0,2.0,,,,
12 Feb 21,258306,3318,258.0,0.0,119.0,205774,3505,953,17,7.0,51579,5474691.0,54435.0,6.1,,,3311.0,118.0,1214.0,374.0,118.0,188.0,149.0,1.0,83.0,742.0,99.0,30.0,45.0,72.0,79.0,6.0,0.0,,,,
11 Feb 21,254988,3384,259.0,0.0,122.0,202269,3774,936,13,15.0,51783,5420256.0,61212.0,5.53,,,3369.0,142.0,1082.0,435.0,89.0,228.0,144.0,14.0,184.0,777.0,82.0,21.0,101.0,26.0,48.0,7.0,4.0,,,,
10 Feb 21,251604,3288,285.0,0.0,131.0,198495,1929,923,14,5.0,52186,5359044.0,61483.0,5.35,,,3283.0,132.0,1757.0,408.0,157.0,48.0,59.0,3.0,135.0,369.0,42.0,14.0,92.0,24.0,44.0,4.0,0.0,,,,
09 Feb 21,248316,2764,289.0,7.0,127.0,196566,3887,909,13,6.0,50841,5297561.0,49163.0,5.62,,,2758.0,180.0,862.0,422.0,99.0,59.0,119.0,10.0,111.0,521.0,40.0,32.0,203.0,34.0,62.0,10.0,0.0,,,,
08 Feb 21,245552,3100,282.0,0.0,134.0,192679,2340,896,24,1.0,51977,5248398.0,32536.0,9.53,,,3099.0,169.0,1196.0,295.0,104.0,37.0,209.0,0.0,84.0,490.0,72.0,28.0,344.0,30.0,30.0,8.0,4.0,,,,
07 Feb 21,242452,3731,292.0,0.0,140.0,190339,3369,872,15,8.0,51241,5215862.0,55880.0,6.68,,,3723.0,160.0,1606.0,372.0,92.0,43.0,250.0,0.0,219.0,499.0,71.0,34.0,313.0,29.0,32.0,9.0,2.0,,,,
06 Feb 21,238721,3847,305.0,0.0,139.0,186970,1692,857,12,4.0,50894,5159982.0,59199.0,6.5,,,3843.0,233.0,1481.0,402.0,133.0,64.0,211.0,10.0,185.0,585.0,36.0,48.0,329.0,56.0,62.0,8.0,4.0,,,,
05 Feb 21,234874,3391,310.0,2.0,134.0,185278,3392,845,19,4.0,48751,5100783.0,62481.0,5.43,,,3387.0,196.0,1228.0,395.0,116.0,91.0,149.0,7.0,178.0,598.0,92.0,51.0,141.0,84.0,58.0,6.0,1.0,,,,
04 Feb 21,231483,4571,308.0,1.0,135.0,181886,4092,826,17,3.0,48771,5038302.0,60752.0,7.52,,,4568.0,175.0,2056.0,481.0,100.0,51.0,157.0,1.0,270.0,664.0,163.0,78.0,238.0,69.0,48.0,20.0,0.0,,,,
03 Feb 21,226912,4284,307.0,0.0,141.0,177794,3804,809,18,8.0,48309,4977550.0,67264.0,6.37,,,4276.0,190.0,1572.0,651.0,133.0,124.0,122.0,21.0,148.0,964.0,106.0,66.0,53.0,55.0,65.0,14.0,0.0,,,,
02 Feb 21,222628,3455,327.0,11.0,145.0,173990,3661,791,21,5.0,47847,4910286.0,39697.0,8.7,,,3450.0,276.0,1145.0,619.0,79.0,59.0,85.0,1.0,121.0,708.0,84.0,63.0,62.0,115.0,31.0,6.0,1.0,,,,
01 Feb 21,219173,4214,316.0,3.0,137.0,170329,4280,770,10,9.0,48074,4870589.0,40161.0,10.49,,,4205.0,276.0,1362.0,702.0,91.0,47.0,119.0,7.0,105.0,1068.0,193.0,54.0,85.0,38.0,57.0,10.0,0.0,,,,
31 Jan 21,214959,5298,313.0,0.0,127.0,166049,4522,760,14,3.0,48150,4830428.0,52896.0,10.02,,,5295.0,298.0,2460.0,783.0,42.0,53.0,69.0,24.0,135.0,1020.0,63.0,74.0,153.0,83.0,30.0,6.0,5.0,,,,
30 Jan 21,209661,5728,319.0,18.0,120.0,161527,3805,746,13,5.0,47388,4777532.0,54197.0,10.57,,,5723.0,263.0,3285.0,480.0,158.0,99.0,101.0,29.0,191.0,792.0,112.0,51.0,42.0,85.0,28.0,12.0,0.0,,,,
29 Jan 21,203933,5725,301.0,0.0,115.0,157722,3423,733,16,7.0,45478,4723335.0,57197.0,10.01,,,5718.0,288.0,3126.0,687.0,69.0,125.0,99.0,5.0,179.0,684.0,73.0,67.0,74.0,137.0,93.0,16.0,3.0,,72154.0,10984.0,
28 Jan 21,198208,4094,303.0,0.0,118.0,154299,3281,717,10,8.0,43192,4666138.0,58913.0,6.95,,,4086.0,282.0,1577.0,678.0,48.0,92.0,99.0,55.0,171.0,717.0,94.0,72.0,73.0,80.0,37.0,10.0,9.0,,,,
27 Jan 21,194114,3680,314.0,34.0,122.0,151018,1858,707,7,6.0,42389,4607225.0,72777.0,5.06,,,3674.0,295.0,822.0,698.0,112.0,76.0,101.0,1.0,70.0,1069.0,181.0,42.0,63.0,68.0,60.0,19.0,3.0,,,,
26 Jan 21,190434,3585,280.0,19.0,111.0,149160,4076,700,11,3.0,40574,4534448.0,53783.0,6.67,,,3582.0,303.0,1295.0,610.0,129.0,88.0,104.0,1.0,205.0,516.0,58.0,15.0,92.0,76.0,76.0,15.0,2.0,,,,
25 Jan 21,186849,3048,261.0,0.0,101.0,145084,3638,689,11,8.0,41076,4480665.0,49349.0,6.18,,,3040.0,348.0,1035.0,305.0,95.0,74.0,110.0,0.0,120.0,529.0,103.0,46.0,90.0,79.0,89.0,22.0,3.0,,,,
24 Jan 21,183801,3346,265.0,5.0,102.0,141446,4427,678,11,7.0,41677,4431316.0,62054.0,5.39,,,3339.0,431.0,950.0,390.0,160.0,85.0,90.0,49.0,255.0,378.0,46.0,63.0,152.0,179.0,77.0,38.0,3.0,,,,
23 Jan 21,180455,4275,260.0,9.0,103.0,137019,4313,667,7,11.0,42769,4369262.0,61533.0,6.95,,,4264.0,498.0,1421.0,548.0,108.0,105.0,162.0,3.0,193.0,425.0,208.0,75.0,278.0,131.0,78.0,35.0,7.0,,,,
22 Jan 21,176180,3631,251.0,0.0,102.0,132706,2554,660,18,6.0,42814,4307729.0,70807.0,5.13,,,3625.0,453.0,782.0,435.0,197.0,166.0,202.0,29.0,229.0,466.0,138.0,61.0,82.0,178.0,161.0,39.0,13.0,,,,
21 Jan 21,172549,3170,260.0,14.0,103.0,130152,2490,642,12,8.0,41755,4236922.0,71805.0,4.41,,,3162.0,401.0,545.0,576.0,102.0,156.0,171.0,32.0,132.0,423.0,245.0,48.0,106.0,57.0,135.0,33.0,8.0,,,,
20 Jan 21,169379,4008,246.0,8.0,96.0,127662,2374,630,11,5.0,41087,4165117.0,57645.0,6.95,,,4003.0,406.0,1391.0,513.0,176.0,142.0,124.0,1.0,203.0,470.0,170.0,52.0,132.0,81.0,121.0,23.0,3.0,,,,
19 Jan 21,165371,3631,238.0,12.0,96.0,125288,2944,619,14,7.0,39464,4107472.0,56824.0,6.39,,,3624.0,526.0,1199.0,521.0,139.0,114.0,124.0,1.0,156.0,368.0,135.0,31.0,122.0,33.0,133.0,26.0,3.0,,,,
18 Jan 21,161740,3306,226.0,0.0,94.0,122344,2293,605,4,7.0,38791,4050648.0,59695.0,5.54,,,3299.0,432.0,1213.0,250.0,126.0,143.0,145.0,14.0,100.0,329.0,114.0,84.0,156.0,20.0,150.0,15.0,16.0,,,,
17 Jan 21,158434,3339,240.0,35.0,93.0,120051,2676,601,7,15.0,37782,3990953.0,62179.0,5.37,,,3324.0,393.0,1314.0,334.0,236.0,96.0,120.0,22.0,62.0,362.0,107.0,61.0,60.0,22.0,114.0,23.0,13.0,,,,
16 Jan 21,155095,4029,205.0,1.0,79.0,117375,2148,594,8,8.0,37126,3928774.0,63411.0,6.35,,,4021.0,449.0,1466.0,347.0,214.0,195.0,120.0,17.0,69.0,719.0,54.0,65.0,44.0,80.0,141.0,35.0,14.0,,61595.0,15265.0,
15 Jan 21,151066,3211,204.0,9.0,87.0,115227,1939,586,8,5.0,35253,3865363.0,67411.0,4.76,,,3206.0,514.0,889.0,401.0,70.0,142.0,194.0,9.0,60.0,535.0,74.0,70.0,58.0,92.0,79.0,24.0,0.0,,,,
14 Jan 21,147855,3337,195.0,0.0,86.0,113288,1710,578,15,7.0,33989,3797952.0,62849.0,5.31,,,3330.0,389.0,1036.0,257.0,169.0,86.0,234.0,34.0,180.0,460.0,92.0,113.0,85.0,89.0,85.0,24.0,4.0,,,,
13 Jan 21,144518,2985,197.0,7.0,79.0,111578,994,563,4,2.0,32377,3735103.0,44713.0,6.68,,,2983.0,450.0,837.0,289.0,106.0,97.0,105.0,0.0,166.0,535.0,61.0,143.0,72.0,27.0,85.0,11.0,1.0,,,,
12 Jan 21,141533,3309,190.0,3.0,83.0,110584,1469,559,4,6.0,30390,3690390.0,32909.0,10.06,,,3303.0,409.0,1007.0,326.0,85.0,62.0,317.0,15.0,146.0,442.0,241.0,96.0,21.0,20.0,86.0,36.0,0.0,,57050.0,12597.0,
11 Jan 21,138224,2232,187.0,16.0,87.0,109115,1006,555,4,6.0,28554,3657481.0,30696.0,7.27,,,2226.0,374.0,557.0,204.0,102.0,40.0,112.0,8.0,153.0,396.0,51.0,46.0,37.0,41.0,95.0,13.0,3.0,,,,
10 Jan 21,135992,2433,171.0,0.0,76.0,108109,1277,551,9,7.0,27332,3626785.0,34433.0,7.07,,,2426.0,403.0,730.0,231.0,144.0,71.0,189.0,17.0,24.0,321.0,80.0,41.0,35.0,29.0,103.0,10.0,5.0,,55750.0,11797.0,
09 Jan 21,133559,2451,177.0,7.0,82.0,106832,1401,542,5,5.0,26185,3592352.0,32260.0,7.6,,,2446.0,409.0,564.0,198.0,351.0,65.0,273.0,4.0,55.0,302.0,42.0,36.0,50.0,16.0,61.0,17.0,8.0,,55103.0,11675.0,
08 Jan 21,131108,2643,170.0,28.0,82.0,105431,2708,537,16,2.0,25140,3560092.0,35096.0,7.53,,,2641.0,401.0,1086.0,282.0,88.0,107.0,75.0,6.0,16.0,298.0,80.0,28.0,70.0,34.0,49.0,20.0,3.0,,,,
07 Jan 21,128465,3027,142.0,1.0,63.0,102723,2145,521,8,6.0,25221,3524996.0,32094.0,9.43,,,3021.0,493.0,706.0,316.0,63.0,30.0,111.0,3.0,14.0,1103.0,59.0,25.0,11.0,10.0,66.0,17.0,0.0,,53538.0,12228.0,
06 Jan 21,125438,2593,141.0,18.0,67.0,100578,1129,513,4,4.0,24347,3492902.0,30274.0,8.57,,,2589.0,405.0,965.0,265.0,125.0,42.0,77.0,9.0,5.0,571.0,34.0,11.0,13.0,19.0,43.0,9.0,0.0,,52093.0,12167.0,
05 Jan 21,122845,2027,123.0,1.0,52.0,99449,1221,509,8,16.0,22887,3462628.0,26934.0,7.53,,,2011.0,383.0,509.0,313.0,98.0,47.0,60.0,37.0,13.0,428.0,25.0,25.0,21.0,13.0,42.0,13.0,0.0,,50628.0,11064.0,
04 Jan 21,120818,1741,122.0,0.0,53.0,98228,1010,501,7,8.0,22089,3435694.0,21314.0,8.17,,,1733.0,303.0,687.0,150.0,56.0,45.0,55.0,1.0,8.0,295.0,34.0,12.0,34.0,4.0,50.0,6.0,1.0,,49956.0,10748.0,
03 Jan 21,119077,1704,124.0,0.0,51.0,97218,2726,494,11,5.0,21365,3414380.0,23576.0,7.23,,,1699.0,316.0,673.0,112.0,72.0,53.0,103.0,16.0,10.0,179.0,75.0,21.0,6.0,4.0,47.0,17.0,0.0,,49416.0,10486.0,
02 Jan 21,117373,2295,125.0,0.0,51.0,94492,3321,483,9,9.0,22398,3390804.0,19295.0,11.89,,,2286.0,259.0,638.0,156.0,131.0,47.0,288.0,1.0,5.0,580.0,12.0,29.0,95.0,16.0,26.0,12.0,0.0,,48948.0,11969.0,
01 Jan 21,115078,2068,126.0,0.0,54.0,91171,2230,474,3,2.0,23433,3371509.0,27182.0,7.61,,,2066.0,254.0,776.0,457.0,51.0,20.0,226.0,3.0,8.0,112.0,51.0,16.0,23.0,14.0,53.0,4.0,0.0,,47830.0,13497.0,
31 Dec 20,113010,2525,131.0,0.0,60.0,88941,1481,471,8,13.0,23598,3344327.0,26681.0,9.46,,,2512.0,299.0,1205.0,222.0,78.0,24.0,92.0,63.0,2.0,194.0,33.0,15.0,239.0,17.0,37.0,5.0,0.0,,,,
30 Dec 20,110485,1870,131.0,14.0,62.0,87460,745,463,6,2.0,22562,3317646.0,25812.0,7.24,,,1868.0,280.0,472.0,219.0,34.0,23.0,69.0,2.0,1.0,607.0,48.0,48.0,8.0,2.0,56.0,1.0,0.0,,,,
29 Dec 20,108615,1925,117.0,1.0,55.0,86715,1123,457,2,3.0,21443,3291834.0,19954.0,9.65,,,1922.0,230.0,747.0,360.0,60.0,8.0,57.0,0.0,4.0,110.0,17.0,288.0,9.0,2.0,31.0,2.0,0.0,,,,
28 Dec 20,106690,1594,116.0,5.0,50.0,85592,1181,455,3,3.0,20643,3271880.0,14377.0,11.09,,,1591.0,157.0,697.0,194.0,160.0,12.0,69.0,0.0,2.0,191.0,47.0,11.0,14.0,3.0,28.0,9.0,0.0,,,,
27 Dec 20,105096,1196,111.0,3.0,50.0,84411,997,452,1,5.0,20233,3257503.0,17797.0,6.72,,,1191.0,186.0,392.0,202.0,39.0,27.0,37.0,12.0,3.0,194.0,30.0,9.0,23.0,5.0,31.0,6.0,0.0,,,,
26 Dec 20,103900,2335,108.0,0.0,50.0,83414,874,451,2,11.0,20035,3239706.0,16490.0,14.16,,,2324.0,248.0,710.0,728.0,33.0,16.0,58.0,16.0,6.0,412.0,26.0,19.0,5.0,0.0,54.0,3.0,1.0,,,,
25 Dec 20,101565,1247,108.0,6.0,47.0,82540,1441,449,3,2.0,18576,3223216.0,27197.0,4.59,,,1245.0,225.0,461.0,140.0,89.0,0.0,25.0,8.0,3.0,205.0,55.0,11.0,14.0,0.0,4.0,7.0,0.0,,,,
24 Dec 20,100318,1581,102.0,0.0,45.0,81099,1085,446,2,2.0,18773,3196019.0,25879.0,6.11,,,1579.0,249.0,491.0,379.0,144.0,4.0,37.0,26.0,2.0,115.0,26.0,12.0,76.0,7.0,9.0,4.0,0.0,,,,
23 Dec 20,98737,1348,102.0,0.0,44.0,80014,710,444,5,16.0,18279,3170140.0,25482.0,5.29,,,1332.0,189.0,535.0,226.0,31.0,14.0,43.0,2.0,4.0,118.0,8.0,45.0,124.0,1.0,4.0,4.0,0.0,,,,
22 Dec 20,97389,2062,111.0,2.0,51.0,79304,911,439,1,4.0,17646,3144658.0,22381.0,9.21,,,2058.0,252.0,1014.0,504.0,57.0,5.0,23.0,2.0,0.0,167.0,17.0,6.0,9.0,0.0,4.0,2.0,0.0,,,,
21 Dec 20,95327,2018,109.0,0.0,55.0,78393,1084,438,1,7.0,16496,3122277.0,20399.0,9.89,,,2011.0,247.0,1204.0,127.0,58.0,3.0,18.0,29.0,0.0,278.0,21.0,12.0,9.0,1.0,6.0,5.0,0.0,,,,
20 Dec 20,93309,1340,116.0,4.0,57.0,77309,1067,437,4,3.0,15563,3101878.0,19149.0,7.0,,,1337.0,196.0,441.0,284.0,169.0,6.0,30.0,27.0,3.0,156.0,10.0,12.0,1.0,2.0,1.0,2.0,0.0,,,,
19 Dec 20,91969,1153,112.0,6.0,56.0,76242,998,433,1,2.0,15294,3082729.0,24830.0,4.64,,,1151.0,199.0,401.0,281.0,18.0,13.0,30.0,19.0,2.0,75.0,82.0,16.0,3.0,0.0,10.0,4.0,0.0,,,,
18 Dec 20,90816,1683,106.0,0.0,51.0,75244,1214,432,3,8.0,15140,3057899.0,23435.0,7.18,,,1675.0,260.0,692.0,197.0,174.0,4.0,37.0,19.0,1.0,77.0,65.0,6.0,140.0,4.0,1.0,6.0,0.0,,,,
17 Dec 20,89127,1214,106.0,0.0,53.0,74030,1297,432,3,6.0,14665,3034464.0,25043.0,4.85,,,1208.0,184.0,368.0,297.0,33.0,9.0,80.0,16.0,9.0,67.0,41.0,4.0,98.0,2.0,10.0,2.0,0.0,,,,
16 Dec 20,87913,1295,113.0,0.0,52.0,72733,1052,429,7,10.0,14751,3009421.0,24306.0,5.33,,,1285.0,268.0,481.0,232.0,60.0,9.0,69.0,3.0,0.0,105.0,35.0,13.0,14.0,1.0,1.0,4.0,0.0,,,,
15 Dec 20,86618,1772,118.0,4.0,56.0,71681,1084,422,3,12.0,14515,2985115.0,24462.0,7.24,,,1760.0,260.0,503.0,696.0,67.0,20.0,34.0,11.0,0.0,48.0,110.0,8.0,5.0,7.0,3.0,0.0,0.0,,,,
14 Dec 20,84846,1371,114.0,0.0,62.0,70597,1204,419,4,1.0,13830,2960653.0,19871.0,6.9,,,1370.0,283.0,532.0,124.0,260.0,5.0,31.0,16.0,0.0,45.0,62.0,0.0,1.0,9.0,2.0,1.0,0.0,,,,
13 Dec 20,83475,1229,115.0,0.0,65.0,69393,1309,415,4,2.0,13667,2940782.0,21805.0,5.64,,583.0,1227.0,333.0,435.0,131.0,29.0,13.0,26.0,6.0,0.0,103.0,105.0,28.0,7.0,12.0,0.0,0.0,1.0,,,,
12 Dec 20,82246,1937,121.0,0.0,66.0,68084,911,411,9,2.0,13751,2918977.0,22039.0,8.79,,,1935.0,429.0,823.0,238.0,49.0,16.0,102.0,11.0,1.0,105.0,62.0,79.0,15.0,6.0,1.0,0.0,0.0,,,,
11 Dec 20,80309,1810,123.0,0.0,63.0,67173,937,402,6,11.0,12734,2896938.0,25677.0,7.05,,,1799.0,532.0,829.0,132.0,64.0,22.0,34.0,8.0,1.0,69.0,12.0,96.0,5.0,2.0,2.0,2.0,0.0,,,,
10 Dec 20,78499,2234,124.0,0.0,60.0,66236,1112,396,3,5.0,11867,2871261.0,20041.0,11.15,,,2229.0,274.0,1428.0,136.0,67.0,14.0,42.0,0.0,1.0,100.0,115.0,45.0,5.0,3.0,3.0,1.0,0.0,,,,
09 Dec 20,76265,959,127.0,1.0,61.0,65124,1068,393,5,6.0,10748,2851220.0,24137.0,3.97,,,953.0,203.0,277.0,129.0,33.0,16.0,29.0,1.0,0.0,100.0,33.0,119.0,2.0,0.0,17.0,0.0,0.0,,,,
08 Dec 20,75306,1012,126.0,0.0,62.0,64056,1750,388,4,7.0,10862,2827083.0,20316.0,4.98,,,1005.0,271.0,417.0,98.0,23.0,10.0,18.0,0.0,2.0,108.0,29.0,33.0,0.0,0.0,2.0,1.0,0.0,,,,
07 Dec 20,74294,1600,129.0,3.0,57.0,62306,1033,384,2,3.0,11604,2806767.0,19665.0,8.14,,,1597.0,248.0,426.0,148.0,541.0,18.0,55.0,5.0,2.0,98.0,54.0,1.0,1.0,0.0,3.0,0.0,0.0,,,,
06 Dec 20,72694,1335,126.0,0.0,57.0,61273,1069,382,2,3.0,11039,2787102.0,17382.0,7.68,,,1332.0,250.0,337.0,178.0,258.0,17.0,31.0,21.0,0.0,125.0,108.0,4.0,3.0,1.0,2.0,0.0,0.0,,,,
05 Dec 20,71359,1123,130.0,1.0,54.0,60204,1143,380,4,5.0,10775,2769720.0,20839.0,5.39,,,1118.0,391.0,221.0,265.0,10.0,30.0,44.0,10.0,1.0,66.0,39.0,2.0,5.0,0.0,35.0,4.0,0.0,,,,
04 Dec 20,70236,1141,129.0,13.0,53.0,59061,1144,376,0,3.0,10799,2748881.0,19945.0,5.72,,,1138.0,320.0,320.0,256.0,15.0,24.0,48.0,3.0,1.0,69.0,47.0,15.0,0.0,0.0,20.0,2.0,1.0,,,,
03 Dec 20,69095,1075,116.0,0.0,46.0,57917,948,376,11,3.0,10802,2728936.0,21729.0,4.95,,,1072.0,310.0,459.0,49.0,52.0,32.0,43.0,9.0,1.0,78.0,26.0,4.0,2.0,1.0,9.0,0.0,0.0,,,,
02 Dec 20,68020,851,122.0,2.0,47.0,56969,658,365,2,4.0,10686,2707207.0,20755.0,4.1,,,847.0,229.0,249.0,85.0,62.0,26.0,60.0,0.0,0.0,102.0,34.0,1.0,1.0,0.0,2.0,0.0,0.0,,,,
01 Dec 20,67169,1472,120.0,7.0,44.0,56311,1552,363,3,5.0,10495,2686452.0,18696.0,7.87,,,1467.0,267.0,891.0,26.0,146.0,21.0,29.0,0.0,1.0,68.0,13.0,0.0,0.0,0.0,10.0,0.0,0.0,,,,
30 Nov 20,65697,1212,113.0,0.0,42.0,54759,2112,360,3,9.0,10578,2667756.0,17388.0,6.97,,,1203.0,326.0,402.0,119.0,141.0,31.0,60.0,30.0,2.0,54.0,43.0,2.0,0.0,0.0,1.0,1.0,0.0,,,,
29 Nov 20,64485,1309,116.0,0.0,42.0,52647,1333,357,3,1.0,11481,2650368.0,15370.0,8.52,,,1308.0,290.0,238.0,493.0,32.0,52.0,46.0,35.0,0.0,37.0,77.0,1.0,1.0,1.0,6.0,0.0,0.0,,,,
28 Nov 20,63176,1315,118.0,5.0,43.0,51314,1110,354,4,5.0,11508,2634998.0,19911.0,6.6,,,1310.0,476.0,266.0,191.0,41.0,17.0,92.0,0.0,0.0,46.0,167.0,0.0,1.0,0.0,18.0,0.0,0.0,,,,
27 Nov 20,61861,1109,113.0,3.0,41.0,50204,1148,350,2,10.0,11307,2615087.0,19083.0,5.81,,,1099.0,441.0,175.0,154.0,167.0,25.0,64.0,0.0,0.0,33.0,42.0,3.0,0.0,0.0,5.0,0.0,0.0,,,,
26 Nov 20,60752,935,110.0,0.0,45.0,49056,2555,348,3,4.0,11348,2596004.0,18617.0,5.02,,,931.0,326.0,161.0,59.0,158.0,24.0,17.0,13.0,4.0,60.0,79.0,0.0,0.0,1.0,28.0,5.0,0.0,,,,
25 Nov 20,59817,970,110.0,0.0,47.0,46501,2348,345,4,5.0,12971,2577387.0,17970.0,5.4,,,965.0,293.0,115.0,44.0,318.0,24.0,14.0,37.0,2.0,30.0,80.0,2.0,1.0,1.0,8.0,1.0,0.0,,,,
24 Nov 20,58847,2188,112.0,0.0,49.0,44153,1673,341,4,0.0,14353,2559417.0,15762.0,13.88,,,2188.0,232.0,1623.0,90.0,73.0,14.0,15.0,1.0,1.0,19.0,112.0,0.0,2.0,0.0,6.0,0.0,0.0,,,,
23 Nov 20,56659,1884,115.0,9.0,,42480,883,337,2,2.0,13842,2543655.0,15497.0,12.16,,,1882.0,289.0,1203.0,196.0,41.0,36.0,12.0,0.0,0.0,15.0,81.0,0.0,0.0,0.0,9.0,1.0,1.0,,,,
22 Nov 20,54775,1096,106.0,0.0,,41597,1104,335,3,6.0,12843,2528158.0,17826.0,6.15,,,1090.0,311.0,603.0,30.0,29.0,16.0,15.0,13.0,0.0,9.0,55.0,0.0,5.0,0.0,8.0,1.0,1.0,,,,
21 Nov 20,53679,1041,108.0,0.0,,40493,1405,332,3,2.0,12854,2510332.0,17525.0,5.94,,,1039.0,346.0,402.0,68.0,121.0,6.0,17.0,12.0,0.0,33.0,29.0,0.0,0.0,0.0,7.0,0.0,0.0,,,,
20 Nov 20,52638,958,110.0,0.0,,39088,956,329,3,5.0,13221,2492807.0,20120.0,4.76,,,953.0,512.0,153.0,46.0,153.0,19.0,25.0,1.0,2.0,9.0,24.0,0.0,2.0,4.0,7.0,1.0,0.0,,,,
19 Nov 20,51680,1290,110.0,7.0,,38132,878,326,4,5.0,13222,2472687.0,21142.0,6.1,,,1285.0,660.0,407.0,72.0,32.0,7.0,8.0,15.0,8.0,15.0,48.0,0.0,1.0,0.0,17.0,0.0,0.0,,,,
18 Nov 20,50390,660,103.0,0.0,,37254,630,322,4,4.0,12814,2451545.0,18466.0,3.57,,,656.0,387.0,141.0,31.0,31.0,11.0,16.0,13.0,3.0,3.0,16.0,0.0,4.0,0.0,3.0,1.0,0.0,,,,
17 Nov 20,49730,1210,105.0,3.0,,36624,1018,318,5,19.0,12788,2433079.0,16369.0,7.39,,,1191.0,499.0,271.0,245.0,67.0,8.0,33.0,1.0,1.0,14.0,47.0,0.0,2.0,1.0,19.0,2.0,0.0,,,,
16 Nov 20,48520,1103,102.0,0.0,,35606,821,313,4,1.0,12601,2416710.0,15667.0,7.04,,,1102.0,288.0,151.0,392.0,90.0,10.0,26.0,8.0,1.0,8.0,116.0,0.0,1.0,4.0,7.0,1.0,0.0,,,,
15 Nov 20,47417,1208,104.0,1.0,,34785,1013,309,3,6.0,12323,2401043.0,15539.0,7.77,,,1202.0,381.0,185.0,475.0,48.0,8.0,42.0,30.0,4.0,9.0,21.0,0.0,2.0,0.0,1.0,1.0,1.0,,,,
14 Nov 20,46209,1114,103.0,7.0,,33772,803,306,2,2.0,12131,2385504.0,18519.0,6.02,,,1112.0,391.0,200.0,13.0,371.0,10.0,34.0,8.0,4.0,15.0,53.0,0.0,6.0,0.0,5.0,4.0,0.0,,,,
13 Nov 20,45095,1304,96.0,4.0,,32969,900,304,1,4.0,11822,2366985.0,17774.0,7.34,,,1300.0,,,,,,,,,,,,,,,,,,,,
12 Nov 20,43791,919,92.0,6.0,,32069,996,303,1,3.0,11419,2349211.0,20178.0,4.55,,,916.0,,,,,,,,,,,,,,,,,,,,
11 Nov 20,42872,822,86.0,4.0,,31073,769,302,2,7.0,11497,2329033.0,19197.0,4.28,,,815.0,,,,,,,,,,,,,,,,,,,,
10 Nov 20,42050,869,82.0,0.0,,30304,725,300,6,,11446,2309836.0,18492.0,4.7,,,869.0,,,,,,,,,,,,,,,,,,,,
09 Nov 20,41181,972,86.0,0.0,,29579,1345,294,8,,11308,2291344.0,16110.0,6.03,,,972.0,,,,,,,,,,,,,,,,,,,,
08 Nov 20,40209,852,94.0,7.0,,28234,825,286,4,13.0,11689,2275234.0,17106.0,4.98,839.0,0.0,839.0,,,,,,,,,,,,,,,,,,,,
07 Nov 20,39357,1168,87.0,5.0,,27409,1029,282,3,0.0,11666,2258128.0,19569.0,5.97,1168.0,0.0,1168.0,,,,,,,,,,,,,,,,,,,,
06 Nov 20,38189,1755,83.0,5.0,,26380,726,279,2,3.0,11530,2238559.0,22858.0,7.68,1752.0,0.0,1752.0,,,,,,,,,,,,,,,,,,,,
05 Nov 20,36434,1009,78.0,0.0,,25654,839,277,6,9.0,10503,2215701.0,17529.0,5.76,1000.0,0.0,1000.0,,,,,,,,,,,,,,,,,,,,
04 Nov 20,35425,1032,82.0,0.0,,24815,820,271,8,3.0,10339,2198172.0,21447.0,4.81,1029.0,0.0,1029.0,,,,,,,,,,,,,,,,,,,,
03 Nov 20,34393,1054,94.0,3.0,,23995,875,263,12,14.0,10135,2176725.0,19767.0,5.33,1040.0,0.0,1040.0,,,,,,,,,,,,,,,,,,,,
02 Nov 20,33339,834,91.0,0.0,,23120,900,251,2,3.0,9968,2156958.0,19301.0,4.32,831.0,0.0,831.0,,,,,,,,,,,,,,,,,,,,
01 Nov 20,32505,957,97.0,14.0,,22220,972,249,0,0.0,10036,2137657.0,18691.0,5.12,671.0,286.0,957.0,,,,,,,,,,,,,,,,,,,,
31 Oct 20,31548,659,83.0,0.0,,21248,1000,249,0,1.0,10051,2118966.0,17076.0,3.86,658.0,0.0,658.0,,,,,,,,,,,,,,,,,,,,
30 Oct 20,30889,799,90.0,0.0,,20248,491,249,3,0.0,10392,2101890.0,18190.0,4.39,799.0,0.0,799.0,,,,,,,,,,,,,,,,,,,,
29 Oct 20,30090,649,106.0,12.0,,19757,685,246,0,7.0,10087,2083700.0,19684.0,3.3,642.0,0.0,642.0,,,,,,,,,,,,,,,,,,,,
28 Oct 20,29441,801,94.0,5.0,,19072,573,246,8,2.0,10123,2064016.0,19618.0,4.08,799.0,0.0,799.0,,,,,,,,,,,,,,,,,,,,
27 Oct 20,28640,835,89.0,0.0,,18499,674,238,2,5.0,9903,2044398.0,18671.0,4.47,830.0,0.0,830.0,,,,,,,,,,,,,,,,,,,,
26 Oct 20,27805,1240,94.0,0.0,,17825,691,236,7,2.0,9744,2025727.0,19011.0,6.52,1238.0,0.0,1238.0,,,,,,,,,,,,,,,,,,,,
25 Oct 20,26565,823,99.0,7.0,,17134,579,229,8,0.0,9202,2006716.0,17485.0,4.71,823.0,0.0,823.0,,,,,,,,,,,,,,,,,,,,
24 Oct 20,25742,1228,92.0,2.0,,16555,671,221,7,11.0,8966,1989231.0,15451.0,7.95,1217.0,0.0,1217.0,,,,,,,,,,,,,,,,,,,,
23 Oct 20,24514,710,90.0,0.0,,15884,467,214,10,1.0,8416,1973780.0,17770.0,4.0,619.0,90.0,709.0,,,,,,,,,,,,,,,,,,,,
22 Oct 20,23804,847,90.0,0.0,,15417,486,204,5,5.0,8183,1956010.0,15749.0,5.38,842.0,0.0,842.0,,,,,,,,,,,,,,,,,,,,
21 Oct 20,22957,732,102.0,7.0,,14931,580,199,6,8.0,7827,1940261.0,18826.0,3.89,618.0,106.0,724.0,,,,,,,,,,,,,,,,,,,,
20 Oct 20,22225,862,95.0,0.0,,14351,634,193,3,2.0,7681,1921435.0,17920.0,4.81,860.0,0.0,860.0,,,,,,,,,,,,,,,,,,,,
19 Oct 20,21363,865,99.0,13.0,,13717,455,190,3,7.0,7456,1903515.0,17668.0,4.9,767.0,91.0,858.0,,,,,,,,,,,,,,,,,,,,
18 Oct 20,20498,871,86.0,0.0,,13262,701,187,7,5.0,7049,1885847.0,22810.0,3.82,757.0,109.0,866.0,,,,,,,,,,,,,,,,,,,,
17 Oct 20,19627,869,91.0,0.0,,12561,302,180,4,0.0,6886,1863037.0,23337.0,3.72,745.0,124.0,869.0,,,,,,,,,,,,,,,,,,,,
16 Oct 20,18758,629,99.0,0.0,,12259,245,176,6,2.0,6323,1839700.0,28923.0,2.17,577.0,50.0,627.0,,,,,,,,,,,,,,,,,,,,
15 Oct 20,18129,589,103.0,0.0,,12014,409,170,3,3.0,5945,1810777.0,23948.0,2.46,453.0,133.0,586.0,,,,,,,,,,,,,,,,,,,,
14 Oct 20,17540,660,108.0,7.0,,11605,233,167,4,6.0,5768,1786829.0,18619.0,3.54,608.0,46.0,654.0,,,,,,,,,,,,,,,,,,,,
13 Oct 20,16880,660,101.0,3.0,,11372,350,163,4,2.0,5345,1768210.0,14219.0,4.64,618.0,40.0,658.0,,,,,,,,,,,,,,,,,,,,
12 Oct 20,16220,563,98.0,8.0,,11022,109,159,2,1.0,5039,1753991.0,15123.0,3.72,498.0,64.0,562.0,,,,,,,,,,,,,,,,,,,,
11 Oct 20,15657,561,90.0,17.0,,10913,133,157,2,8.0,4587,1738868.0,16031.0,3.5,494.0,59.0,553.0,,,,,,,,,,,,,,,,,,,,
10 Oct 20,15096,374,73.0,5.0,,10780,73,155,3,2.0,4161,1722837.0,18895.0,1.98,343.0,29.0,372.0,,,,,,,,,,,,,,,,,,,,
09 Oct 20,14722,354,68.0,8.0,,10707,188,152,6,2.0,3863,1703942.0,22133.0,1.6,332.0,20.0,352.0,,,,,,,,,,,,,,,,,,,,
08 Oct 20,14368,375,60.0,20.0,,10519,18,146,5,4.0,3703,1681809.0,18013.0,2.08,342.0,29.0,371.0,,,,,,,,,,,,,,,,,,,,
07 Oct 20,13993,489,40.0,9.0,,10501,74,141,0,2.0,3351,1663796.0,20145.0,2.43,467.0,20.0,487.0,,,,,,,,,,,,,,,,,,,,
06 Oct 20,13504,691,31.0,0.0,,10427,87,141,4,3.0,2936,1643651.0,16039.0,4.31,661.0,27.0,688.0,,,,,,,,,,,,,,,,,,,,
05 Oct 20,12813,432,32.0,4.0,,10340,57,137,0,3.0,2336,1627612.0,12571.0,3.44,409.0,20.0,429.0,,,,,,,,,,,,,,,,,,,,
04 Oct 20,12381,293,28.0,0.0,,10283,67,137,0,1.0,1961,1615041.0,17039.0,1.72,269.0,23.0,292.0,,,,,,,,,,,,,,,,,,,,
03 Oct 20,12088,317,29.0,7.0,,10216,121,137,1,0.0,1735,1598002.0,16794.0,1.89,303.0,14.0,317.0,,,,,,,,,,,,,,,,,,,,
02 Oct 20,11771,287,22.0,2.0,,10095,81,136,0,0.0,1540,1581208.0,14360.0,2.0,270.0,17.0,287.0,,,,,,,,,,,,,,,,,,,,
01 Oct 20,11484,260,20.0,4.0,,10014,47,136,0,1.0,1334,1566848.0,17098.0,1.52,130.0,129.0,259.0,,,,,,,,,,,,,,,,,,,,
30 Sep 20,11224,89,16.0,3.0,,9967,28,136,2,3.0,1121,1549750.0,16689.0,0.53,84.0,2.0,86.0,,,,,,,,,,,,,,,,,,,,
29 Sep 20,11135,101,13.0,5.0,,9939,50,134,0,4.0,1062,1533061.0,13841.0,0.73,93.0,4.0,97.0,,,,,,,,,,,,,,,,,,,,
28 Sep 20,11034,115,8.0,2.0,,9889,54,134,0,3.0,1011,1519220.0,8830.0,1.3,98.0,14.0,112.0,,,,,,,,,,,,,,,,,,,,
27 Sep 20,10919,150,6.0,0.0,,9835,50,134,1,4.0,950,1510390.0,16745.0,0.9,124.0,22.0,146.0,,,,,,,,,,,,,,,,,,,,
26 Sep 20,10769,82,8.0,4.0,,9785,89,133,0,3.0,851,1493645.0,,inf,53.0,26.0,79.0,,,,,,,,,,,,,,,,,,,,
25 Sep 20,10687,111,4.0,0.0,,9696,30,133,0,4.0,858,1493645.0,8833.0,1.26,76.0,31.0,107.0,,,,,,,,,,,,,,,,,,,,
24 Sep 20,10576,71,6.0,0.0,,9666,64,133,0,2.0,777,1484812.0,11179.0,0.64,43.0,26.0,69.0,,,,,,,,,,,,,,,,,,,,
23 Sep 20,10505,147,8.0,0.0,,9602,39,133,3,4.0,770,1473633.0,10076.0,1.46,119.0,24.0,143.0,,,,,,,,,,,,,,,,,,,,
22 Sep 20,10358,82,9.0,0.0,,9563,168,130,0,10.0,665,1463557.0,11860.0,0.69,60.0,12.0,72.0,,,,,,,,,,,,,,,,,,,,
21 Sep 20,10276,57,9.0,0.0,,9395,40,130,0,6.0,751,1451697.0,7011.0,0.81,45.0,6.0,51.0,,,,,,,,,,,,,,,,,,,,
20 Sep 20,10219,52,10.0,0.0,,9355,40,130,0,12.0,734,1444686.0,7332.0,0.71,26.0,14.0,40.0,,,,,,,,,,,,,,,,,,,,
19 Sep 20,10167,20,12.0,1.0,,9315,51,130,1,3.0,722,1437354.0,10221.0,0.2,14.0,3.0,17.0,,,,,,,,,,,,,,,,,,,,
18 Sep 20,10147,95,11.0,0.0,,9264,14,129,0,4.0,754,1427133.0,9979.0,0.95,68.0,23.0,91.0,,,,,,,,,,,,,,,,,,,,
17 Sep 20,10052,21,13.0,0.0,,9250,15,129,0,5.0,673,1417154.0,9895.0,0.21,15.0,1.0,16.0,,,,,,,,,,,,,,,,,,,,
16 Sep 20,10031,62,15.0,1.0,,9235,26,129,0,1.0,667,1407259.0,11681.0,0.53,41.0,20.0,61.0,,,,,,,,,,,,,,,,,,,,
15 Sep 20,9969,23,14.0,3.0,,9209,6,129,0,10.0,631,1395578.0,11809.0,0.19,10.0,3.0,13.0,,,,,,,,,,,,,,,,,,,,
14 Sep 20,9946,31,11.0,2.0,,9203,7,129,1,3.0,614,1383769.0,11615.0,0.27,19.0,9.0,28.0,,,,,,,,,,,,,,,,,,,,
13 Sep 20,9915,47,9.0,0.0,,9196,7,128,0,2.0,591,1372154.0,9523.0,0.49,28.0,17.0,45.0,,,,,,,,,,,,,,,,,,,,
12 Sep 20,9868,58,9.0,0.0,,9189,8,128,0,5.0,551,1362631.0,8805.0,0.66,29.0,24.0,53.0,,,,,,,,,,,,,,,,,,,,
11 Sep 20,9810,182,9.0,0.0,,9181,14,128,0,1.0,501,1353826.0,11354.0,1.6,90.0,91.0,181.0,,,,,,,,,,,,,,,,,,,,
10 Sep 20,9628,45,9.0,2.0,,9167,24,128,0,1.0,333,1342472.0,9555.0,0.47,11.0,33.0,44.0,,,,,,,,,,,,,,,,,,,,
09 Sep 20,9583,24,7.0,0.0,,9143,7,128,0,6.0,312,1332917.0,10472.0,0.23,16.0,2.0,18.0,,,,,,,,,,,,,,,,,,,,
08 Sep 20,9559,100,7.0,1.0,,9136,12,128,0,15.0,295,1322445.0,8671.0,1.15,55.0,30.0,85.0,,,,,,,,,,,,,,,,,,,,
07 Sep 20,9459,62,6.0,0.0,,9124,9,128,0,6.0,207,1313774.0,6320.0,0.98,30.0,26.0,56.0,,,,,,,,,,,,,,,,,,,,
06 Sep 20,9397,6,6.0,1.0,,9115,2,128,0,3.0,154,1307454.0,7730.0,0.08,3.0,0.0,3.0,,,,,,,,,,,,,,,,,,,,
05 Sep 20,9391,6,5.0,1.0,,9113,21,128,0,4.0,150,1299724.0,9122.0,0.07,2.0,0.0,2.0,,,,,,,,,,,,,,,,,,,,
04 Sep 20,9385,11,4.0,0.0,,9092,9,128,0,7.0,165,1290602.0,9724.0,0.11,3.0,1.0,4.0,,,,,,,,,,,,,,,,,,,,
03 Sep 20,9374,14,4.0,0.0,,9083,4,128,0,4.0,163,1280878.0,10649.0,0.13,6.0,4.0,10.0,,,,,,,,,,,,,,,,,,,,
02 Sep 20,9360,6,4.0,0.0,,9079,4,128,0,3.0,153,1270229.0,7381.0,0.08,2.0,0.0,2.0,,,,,,,,,,,,,,,,,,,,
01 Sep 20,9354,14,5.0,0.0,,9075,21,128,1,5.0,151,1262848.0,8993.0,0.16,5.0,4.0,9.0,,,,,,,,,,,,,,,,,,,,
31 Aug 20,9340,6,6.0,0.0,,9054,6,127,1,4.0,159,1253855.0,10315.0,0.06,2.0,0.0,2.0,,,,,,,,,,,,,,,,,,,,
30 Aug 20,9334,17,7.0,0.0,,9048,10,126,1,15.0,160,1243540.0,10613.0,0.16,2.0,0.0,2.0,,,,,,,,,,,,,,,,,,,,
29 Aug 20,9317,11,8.0,0.0,,9038,8,125,0,10.0,154,1232927.0,10073.0,0.11,1.0,0.0,1.0,,,,,,,,,,,,,,,,,,,,
28 Aug 20,9306,10,8.0,0.0,,9030,36,125,0,8.0,151,1222854.0,10064.0,0.1,1.0,1.0,2.0,,,,,,,,,,,,,,,,,,,,
27 Aug 20,9296,5,8.0,0.0,,8994,16,125,0,2.0,177,1212790.0,10026.0,0.05,3.0,0.0,3.0,,,,,,,,,,,,,,,,,,,,
26 Aug 20,9291,6,9.0,1.0,,8978,7,125,0,1.0,188,1202764.0,11264.0,0.05,5.0,0.0,5.0,,,,,,,,,,,,,,,,,,,,
25 Aug 20,9285,11,8.0,0.0,,8971,6,125,0,2.0,189,1191500.0,8655.0,0.13,9.0,0.0,9.0,,,,,,,,,,,,,,,,,,,,
24 Aug 20,9274,7,8.0,0.0,,8965,6,125,0,2.0,184,1182845.0,6429.0,0.11,2.0,3.0,5.0,,,,,,,,,,,,,,,,,,,,
23 Aug 20,9267,10,9.0,1.0,,8959,10,125,0,8.0,183,1176416.0,8467.0,0.12,2.0,0.0,2.0,,,,,,,,,,,,,,,,,,,,
22 Aug 20,9257,8,8.0,1.0,,8949,4,125,0,3.0,183,1167949.0,7559.0,0.11,5.0,0.0,5.0,,,,,,,,,,,,,,,,,,,,
21 Aug 20,9249,9,7.0,0.0,,8945,13,125,0,4.0,179,1160390.0,8250.0,0.11,4.0,1.0,5.0,,,,,,,,,,,,,,,,,,,,
20 Aug 20,9240,5,7.0,0.0,,8932,7,125,0,5.0,183,1152140.0,10461.0,0.05,0.0,0.0,0.0,,,,,,,,,,,,,,,,,,,,
19 Aug 20,9235,16,7.0,0.0,,8925,23,125,0,4.0,185,1141679.0,12588.0,0.13,12.0,0.0,12.0,,,,,,,,,,,,,,,,,,,,
18 Aug 20,9219,7,8.0,0.0,,8902,26,125,0,4.0,192,1129091.0,8425.0,0.08,3.0,0.0,3.0,,,,,,,,,,,,,,,,,,,,
17 Aug 20,9212,12,8.0,1.0,,8876,17,125,0,2.0,211,1120666.0,6420.0,0.19,10.0,0.0,10.0,,,,,,,,,,,,,,,,,,,,
16 Aug 20,9200,25,7.0,1.0,,8859,28,125,0,16.0,216,1114246.0,8029.0,0.31,7.0,2.0,9.0,,,,,,,,,,,,,,,,,,,,
15 Aug 20,9175,26,6.0,2.0,,8831,3,125,0,3.0,219,1106217.0,10449.0,0.25,20.0,3.0,23.0,,,,,,,,,,,,,,,,,,,,
14 Aug 20,9149,20,4.0,2.0,,8828,7,125,0,7.0,196,1095768.0,10728.0,0.19,13.0,0.0,13.0,,,,,,,,,,,,,,,,,,,,
13 Aug 20,9129,15,2.0,0.0,,8821,4,125,0,4.0,183,1085040.0,11020.0,0.14,10.0,1.0,11.0,,,,,,,,,,,,,,,,,,,,
12 Aug 20,9114,11,1.0,0.0,,8817,8,125,0,8.0,172,1074020.0,10716.0,0.1,2.0,1.0,3.0,,,,,,,,,,,,,,,,,,,,
11 Aug 20,9103,9,2.0,1.0,,8809,6,125,0,5.0,169,1063304.0,9773.0,0.09,0.0,4.0,9.0,,,,,,,,,,,,,,,,,,,,
10 Aug 20,9094,11,1.0,0.0,,8803,19,125,0,5.0,166,1053531.0,7555.0,0.15,5.0,1.0,6.0,,,,,,,,,,,,,,,,,,,,
09 Aug 20,9083,13,1.0,0.0,,8784,9,125,0,9.0,174,1045976.0,9637.0,0.13,4.0,0.0,4.0,,,,,,,,,,,,,,,,,,,,
08 Aug 20,9070,7,2.0,0.0,,8775,47,125,0,6.0,170,1036339.0,11620.0,0.06,1.0,0.0,1.0,,,,,,,,,,,,,,,,,,,,
07 Aug 20,9063,25,2.0,0.0,,8728,15,125,0,9.0,210,1024719.0,12059.0,0.21,15.0,1.0,16.0,,,,,,,,,,,,,,,,,,,,
06 Aug 20,9038,15,2.0,2.0,,8713,11,125,0,5.0,200,1012660.0,11570.0,0.13,8.0,2.0,10.0,,,,,,,,,,,,,,,,,,,,
05 Aug 20,9023,21,2.0,2.0,,8702,18,125,0,15.0,196,1001090.0,9757.0,0.22,6.0,0.0,6.0,,,,,,,,,,,,,,,,,,,,
04 Aug 20,9002,1,0.0,0.0,,8684,16,125,0,0.0,193,991333.0,8036.0,0.01,1.0,0.0,1.0,,,,,,,,,,,,,,,,,,,,
03 Aug 20,9001,2,1.0,0.0,,8668,4,125,0,0.0,208,983297.0,4119.0,0.05,2.0,0.0,2.0,,,,,,,,,,,,,,,,,,,,
02 Aug 20,8999,14,2.0,0.0,,8664,17,125,0,1.0,210,979178.0,4504.0,0.31,13.0,0.0,13.0,,,,,,,,,,,,,,,,,,,,
01 Aug 20,8985,9,2.0,0.0,,8647,3,125,0,7.0,213,974674.0,4030.0,0.22,1.0,1.0,2.0,,,,,,,,,,,,,,,,,,,,
31 Jul 20,8976,12,3.0,0.0,,8644,27,125,0,5.0,207,970644.0,7565.0,0.16,5.0,2.0,7.0,,,,,,,,,,,,,,,,,,,,
30 Jul 20,8964,8,3.0,0.0,,8617,5,125,0,3.0,222,963079.0,7946.0,0.1,5.0,0.0,5.0,,,,,,,,,,,,,,,,,,,,
29 Jul 20,8956,13,1.0,0.0,,8612,5,125,1,8.0,219,955133.0,5992.0,0.22,3.0,2.0,5.0,,,,,,,,,,,,,,,,,,,,
28 Jul 20,8943,39,1.0,1.0,,8607,6,124,0,11.0,212,949141.0,5897.0,0.66,22.0,6.0,28.0,,,,,,,,,,,,,,,,,,,,
27 Jul 20,8904,7,0.0,0.0,,8601,1,124,0,4.0,179,943244.0,5599.0,0.13,3.0,0.0,3.0,,,,,,,,,,,,,,,,,,,,
26 Jul 20,8897,13,2.0,0.0,,8600,6,124,1,3.0,173,937645.0,5248.0,0.25,9.0,1.0,10.0,,,,,,,,,,,,,,,,,,,,
25 Jul 20,8884,23,3.0,0.0,,8594,17,123,0,6.0,167,932397.0,7209.0,0.32,10.0,7.0,17.0,,,,,,,,,,,,,,,,,,,,
24 Jul 20,8861,21,5.0,0.0,,8577,3,123,0,5.0,161,925188.0,8848.0,0.24,13.0,3.0,16.0,,,,,,,,,,,,,,,,,,,,
23 Jul 20,8840,9,5.0,1.0,,8574,8,123,0,3.0,143,916340.0,6713.0,0.13,4.0,2.0,6.0,,,,,,,,,,,,,,,,,,,,
22 Jul 20,8831,16,5.0,1.0,,8566,4,123,0,8.0,142,909627.0,7188.0,0.22,7.0,1.0,8.0,,,,,,,,,,,,,,,,,,,,
21 Jul 20,8815,15,4.0,1.0,,8562,7,123,0,4.0,130,902439.0,6681.0,0.22,10.0,1.0,11.0,,,,,,,,,,,,,,,,,,,,
20 Jul 20,8800,21,3.0,2.0,,8555,2,123,0,5.0,122,895758.0,6014.0,0.35,13.0,2.0,15.0,,,,,,,,,,,,,,,,,,,,
19 Jul 20,8779,15,1.0,1.0,,8553,7,123,0,4.0,103,889744.0,5574.0,0.27,8.0,3.0,11.0,,,,,,,,,,,,,,,,,,,,
18 Jul 20,8764,9,1.0,0.0,,8546,5,123,0,4.0,95,884170.0,7948.0,0.11,4.0,1.0,5.0,,,,,,,,,,,,,,,,,,,,
17 Jul 20,8755,18,3.0,0.0,,8541,3,123,1,10.0,91,876222.0,7828.0,0.23,6.0,2.0,8.0,,,,,,,,,,,,,,,,,,,,
16 Jul 20,8737,3,3.0,0.0,,8538,12,122,0,1.0,77,868394.0,6498.0,0.05,0.0,2.0,2.0,,,,,,,,,,,,,,,,,,,,
15 Jul 20,8734,5,5.0,0.0,,8526,2,122,0,1.0,86,861896.0,6777.0,0.07,2.0,2.0,4.0,,,,,,,,,,,,,,,,,,,,
14 Jul 20,8729,4,6.0,2.0,,8524,4,122,0,4.0,83,855119.0,4696.0,0.09,0.0,0.0,0.0,,,,,,,,,,,,,,,,,,,,
13 Jul 20,8725,7,4.0,1.0,,8520,1,122,0,6.0,83,850423.0,2913.0,0.24,1.0,0.0,1.0,,,,,,,,,,,,,,,,,,,,
12 Jul 20,8718,14,3.0,0.0,,8519,4,122,0,3.0,77,847510.0,5034.0,0.28,3.0,8.0,11.0,,,,,,,,,,,,,,,,,,,,
11 Jul 20,8704,8,3.0,0.0,,8515,4,122,0,4.0,67,842476.0,6221.0,0.13,2.0,2.0,4.0,,,,,,,,,,,,,,,,,,,,
10 Jul 20,8696,13,2.0,0.0,,8511,12,122,1,8.0,63,836255.0,6267.0,0.21,3.0,2.0,5.0,,,,,,,,,,,,,,,,,,,,
09 Jul 20,8683,6,2.0,0.0,,8499,13,121,0,6.0,63,829988.0,7342.0,0.08,0.0,0.0,0.0,,,,,,,,,,,,,,,,,,,,
08 Jul 20,8677,3,2.0,0.0,,8486,5,121,0,3.0,70,822646.0,6528.0,0.05,0.0,0.0,0.0,,,,,,,,,,,,,,,,,,,,
07 Jul 20,8674,6,2.0,0.0,,8481,5,121,0,4.0,72,816118.0,6061.0,0.1,2.0,0.0,2.0,,,,,,,,,,,,,,,,,,,,
06 Jul 20,8668,5,2.0,0.0,,8476,11,121,0,3.0,71,810057.0,5539.0,0.09,1.0,1.0,2.0,,,,,,,,,,,,,,,,,,,,
05 Jul 20,8663,5,2.0,0.0,,8465,4,121,0,2.0,77,804518.0,6722.0,0.07,2.0,1.0,3.0,,,,,,,,,,,,,,,,,,,,
04 Jul 20,8658,10,2.0,0.0,,8461,15,121,0,7.0,76,797796.0,6937.0,0.14,2.0,1.0,3.0,,,,,,,,,,,,,,,,,,,,
03 Jul 20,8648,5,2.0,0.0,,8446,9,121,0,3.0,81,790859.0,8221.0,0.06,2.0,0.0,2.0,,,,,,,,,,,,,,,,,,,,
02 Jul 20,8643,3,4.0,0.0,,8437,62,121,0,1.0,85,782638.0,8727.0,0.03,0.0,2.0,2.0,,,,,,,,,,,,,,,,,,,,
01 Jul 20,8640,1,4.0,0.0,,8375,21,121,0,1.0,144,773911.0,8912.0,0.01,0.0,0.0,0.0,,,,,,,,,,,,,,,,,,,,
30 Jun 20,8639,2,4.0,0.0,,8354,20,121,0,1.0,164,764999.0,8828.0,0.02,1.0,0.0,1.0,,,,,,,,,,,,,,,,,,,,
29 Jun 20,8637,3,4.0,2.0,,8334,16,121,0,1.0,182,756171.0,6221.0,0.05,2.0,0.0,2.0,,,,,,,,,,,,,,,,,,,,
28 Jun 20,8634,18,2.0,0.0,,8318,10,121,0,4.0,195,749950.0,10492.0,0.17,0.0,14.0,14.0,,,,,,,,,,,,,,,,,,,,
27 Jun 20,8616,10,2.0,0.0,,8308,14,121,0,4.0,187,739458.0,10342.0,0.1,4.0,2.0,6.0,,,,,,,,,,,,,,,,,,,,
26 Jun 20,8606,6,2.0,0.0,,8294,23,121,0,5.0,191,729116.0,12938.0,0.05,1.0,0.0,1.0,,,,,,,,,,,,,,,,,,,,
25 Jun 20,8600,4,2.0,0.0,,8271,40,121,0,3.0,208,716178.0,11842.0,0.03,1.0,0.0,1.0,,,,,,,,,,,,,,,,,,,,
24 Jun 20,8596,6,2.0,0.0,,8231,45,121,0,2.0,244,704336.0,10733.0,0.06,4.0,0.0,4.0,,,,,,,,,,,,,,,,,,,,
23 Jun 20,8590,3,3.0,1.0,,8186,9,121,0,0.0,283,693603.0,6698.0,0.04,1.0,2.0,3.0,,,,,,,,,,,,,,,,,,,,
22 Jun 20,8587,15,2.0,0.0,,8177,21,121,0,2.0,289,686905.0,2937.0,0.51,0.0,13.0,13.0,,,,,,,,,,,,,,,,,,,,
21 Jun 20,8572,16,3.0,0.0,,8156,10,121,0,3.0,295,683968.0,4142.0,0.39,4.0,9.0,13.0,,,,,,,,,,,,,,,,,,,,
20 Jun 20,8556,21,3.0,0.0,,8146,76,121,0,2.0,289,679826.0,5275.0,0.4,12.0,7.0,19.0,,,,,,,,,,,,,,,,,,,,
19 Jun 20,8535,6,3.0,0.0,,8070,70,121,0,2.0,344,674551.0,4962.0,0.12,4.0,0.0,4.0,,,,,,,,,,,,,,,,,,,,
18 Jun 20,8529,14,4.0,0.0,,8000,127,121,0,3.0,408,669589.0,5255.0,0.27,4.0,7.0,11.0,,,,,,,,,,,,,,,,,,,,
17 Jun 20,8515,10,4.0,0.0,,7873,140,121,0,0.0,521,664334.0,4702.0,0.21,7.0,3.0,10.0,,,,,,,,,,,,,,,,,,,,
16 Jun 20,8505,11,4.0,0.0,,7733,333,121,0,1.0,651,659632.0,3422.0,0.32,4.0,6.0,10.0,,,,,,,,,,,,,,,,,,,,
15 Jun 20,8494,41,4.0,0.0,,7400,54,121,0,3.0,973,656210.0,,,6.0,6.0,12.0,,,,,,,,,,,,,,,,,,,,
14 Jun 20,8453,8,4.0,0.0,,7346,35,121,0,2.0,986,,,,2.0,4.0,6.0,,,,,,,,,,,,,,,,,,,,
13 Jun 20,8445,43,4.0,0.0,,7311,143,121,0,5.0,1013,,,,15.0,23.0,38.0,,,,,,,,,,,,,,,,,,,,
12 Jun 20,8402,33,4.0,0.0,,7168,103,121,2,16.0,1113,,,,3.0,14.0,17.0,,,,,,,,,,,,,,,,,,,,
11 Jun 20,8369,31,5.0,0.0,,7065,51,119,1,11.0,1185,,,,1.0,19.0,20.0,,,,,,,,,,,,,,,,,,,,
10 Jun 20,8338,2,5.0,0.0,,7014,39,118,1,1.0,1206,,,,0.0,1.0,1.0,,,,,,,,,,,,,,,,,,,,
09 Jun 20,8336,7,6.0,0.0,,6975,281,117,0,6.0,1244,,,,0.0,1.0,1.0,,,,,,,,,,,,,,,,,,,,
08 Jun 20,8329,7,6.0,1.0,,6694,20,117,0,2.0,1518,,,,5.0,0.0,5.0,,,,,,,,,,,,,,,,,,,,
07 Jun 20,8322,19,5.0,0.0,,6674,39,117,0,6.0,1531,,,,11.0,2.0,13.0,,,,,,,,,,,,,,,,,,,,
06 Jun 20,8303,37,5.0,0.0,,6635,25,117,0,8.0,1551,,,,10.0,19.0,29.0,,,,,,,,,,,,,,,,,,,,
05 Jun 20,8266,19,6.0,0.0,,6610,51,117,1,7.0,1539,,,,9.0,3.0,12.0,,,,,,,,,,,,,,,,,,,,
04 Jun 20,8247,277,6.0,0.0,,6559,28,116,1,2.0,1572,,,,4.0,271.0,275.0,,,,,,,,,,,,,,,,,,,,
03 Jun 20,7970,93,6.0,0.0,,6531,61,115,0,0.0,1324,,,,2.0,91.0,93.0,,,,,,,,,,,,,,,,,,,,
02 Jun 20,7877,20,6.0,0.0,,6470,66,115,0,15.0,1292,,,,2.0,3.0,5.0,,,,,,,,,,,,,,,,,,,,
01 Jun 20,7857,38,8.0,0.0,,6404,51,115,0,26.0,1338,,,,6.0,6.0,12.0,,,,,,,,,,,,,,,,,,,,
31 May 20,7819,57,9.0,0.0,,6353,23,115,0,10.0,1351,,,,4.0,43.0,47.0,,,,,,,,,,,,,,,,,,,,
30 May 20,7762,30,9.0,0.0,,6330,95,115,0,3.0,1317,,,,10.0,17.0,27.0,,,,,,,,,,,,,,,,,,,,
29 May 20,7732,103,8.0,0.0,,6235,66,115,0,7.0,1382,,,,12.0,84.0,96.0,,,,,,,,,,,,,,,,,,,,
28 May 20,7629,10,8.0,0.0,,6169,86,115,0,0.0,1345,,,,5.0,5.0,10.0,,,,,,,,,,,,,,,,,,,,
27 May 20,7619,15,8.0,0.0,,6083,42,115,0,6.0,1421,,,,5.0,4.0,9.0,,,,,,,,,,,,,,,,,,,,
26 May 20,7604,187,8.0,0.0,,6041,62,115,0,10.0,1448,,,,4.0,173.0,177.0,,,,,,,,,,,,,,,,,,,,
25 May 20,7417,172,8.0,0.0,,5979,34,115,0,5.0,1323,,,,8.0,159.0,167.0,,,,,,,,,,,,,,,,,,,,
24 May 20,7245,60,9.0,0.0,,5945,33,115,0,7.0,1185,,,,9.0,44.0,53.0,,,,,,,,,,,,,,,,,,,,
23 May 20,7185,48,9.0,0.0,,5912,53,115,0,4.0,1158,,,,19.0,25.0,44.0,,,,,,,,,,,,,,,,,,,,
22 May 20,7137,78,9.0,0.0,,5859,63,115,0,25.0,1163,,,,13.0,40.0,53.0,,,,,,,,,,,,,,,,,,,,
21 May 20,7059,50,10.0,0.0,,5796,90,114,1,3.0,1149,,,,6.0,41.0,47.0,,,,,,,,,,,,,,,,,,,,
20 May 20,7009,31,11.0,0.0,,5706,60,114,0,10.0,1189,,,,11.0,10.0,21.0,,,,,,,,,,,,,,,,,,,,
19 May 20,6978,37,11.0,0.0,,5646,31,114,0,2.0,1218,,,,13.0,22.0,35.0,,,,,,,,,,,,,,,,,,,,
18 May 20,6941,47,13.0,0.0,,5615,44,114,1,21.0,1212,,,,9.0,17.0,26.0,,,,,,,,,,,,,,,,,,,,
17 May 20,6894,22,13.0,0.0,,5571,59,113,0,5.0,1210,,,,5.0,9.0,14.0,,,,,,,,,,,,,,,,,,,,
16 May 20,6872,17,13.0,0.0,,5512,73,113,0,6.0,1247,,,,6.0,5.0,11.0,,,,,,,,,,,,,,,,,,,,
15 May 20,6855,36,14.0,0.0,,5439,88,112,0,0.0,1304,,,,8.0,28.0,36.0,,,,,,,,,,,,,,,,,,,,
14 May 20,6819,40,16.0,0.0,,5351,70,112,0,0.0,1356,,,,9.0,31.0,40.0,,,,,,,,,,,,,,,,,,,,
13 May 20,6779,37,16.0,0.0,,5281,58,112,1,4.0,1386,,,,12.0,21.0,33.0,,,,,,,,,,,,,,,,,,,,
12 May 20,6742,16,16.0,0.0,,5223,110,111,2,3.0,1408,,,,4.0,9.0,13.0,,,,,,,,,,,,,,,,,,,,
11 May 20,6726,70,20.0,2.0,,5113,88,109,0,13.0,1504,,,,26.0,31.0,57.0,,,,,,,,,,,,,,,,,,,,
10 May 20,6656,67,18.0,0.0,,5025,96,108,1,0.0,1523,,,,18.0,49.0,67.0,,,,,,,,,,,,,,,,,,,,
09 May 20,6589,54,18.0,0.0,,4929,65,108,0,1.0,1552,,,,8.0,45.0,53.0,,,,,,,,,,,,,,,,,,,,
08 May 20,6535,68,18.0,0.0,,4864,88,107,1,4.0,1564,,,,7.0,57.0,64.0,,,,,,,,,,,,,,,,,,,,
07 May 20,6467,39,19.0,0.0,,4776,74,107,1,,1584,,,,,,,,,,,,,,,,,,,,,,,,,,
06 May 20,6428,45,22.0,0.0,,4702,135,107,0,,1619,,,,,,,,,,,,,,,,,,,,,,,,,,
05 May 20,6383,30,24.0,0.0,,4567,83,107,2,,1709,,,,,,,,,,,,,,,,,,,,,,,,,,
04 May 20,6353,55,28.0,1.0,,4484,71,105,0,,1764,,,,,,,,,,,,,,,,,,,,,,,,,,
03 May 20,6298,122,27.0,0.0,,4413,87,105,1,,1780,,,,,,,,,,,,,,,,,,,,,,,,,,
02 May 20,6176,105,31.0,0.0,,4326,116,103,1,,1747,,,,,,,,,,,,,,,,,,,,,,,,,,
01 May 20,6071,69,37.0,1.0,,4210,39,103,0,,1758,,,,,,,,,,,,,,,,,,,,,,,,,,
30 Apr 20,6002,57,36.0,0.0,,4171,84,103,2,,1728,,,,,,,,,,,,,,,,,,,,,,,,,,
29 Apr 20,5945,94,40.0,4.0,,4087,55,100,1,,1758,,,,,,,,,,,,,,,,,,,,,,,,,,
28 Apr 20,5851,31,36.0,0.0,,4032,75,100,1,,1719,,,,,,,,,,,,,,,,,,,,,,,,,,
27 Apr 20,5820,40,37.0,0.0,,3957,95,99,1,,1764,,,,,,,,,,,,,,,,,,,,,,,,,,
26 Apr 20,5780,38,36.0,0.0,,3862,100,98,0,,1820,,,,,,,,,,,,,,,,,,,,,,,,,,
25 Apr 20,5742,51,36.0,0.0,,3762,99,98,1,,1882,,,,,,,,,,,,,,,,,,,,,,,,,,
24 Apr 20,5691,88,41.0,0.0,,3663,121,96,2,,1932,,,,,,,,,,,,,,,,,,,,,,,,,,
23 Apr 20,5603,71,43.0,0.0,,3542,90,95,1,,1966,,,,,,,,,,,,,,,,,,,,,,,,,,
22 Apr 20,5532,50,43.0,0.0,,3452,103,94,2,,1986,,,,,,,,,,,,,,,,,,,,,,,,,,
21 Apr 20,5482,57,43.0,0.0,,3349,54,92,2,,2041,,,,,,,,,,,,,,,,,,,,,,,,,,
20 Apr 20,5425,36,45.0,0.0,,3295,98,90,1,,2040,,,,,,,,,,,,,,,,,,,,,,,,,,
19 Apr 20,5389,84,46.0,0.0,,3197,95,89,0,,2103,,,,,,,,,,,,,,,,,,,,,,,,,,
18 Apr 20,5305,54,49.0,0.0,,3102,135,88,1,,2115,,,,,,,,,,,,,,,,,,,,,,,,,,
17 Apr 20,5251,69,51.0,0.0,,2967,201,86,1,,2198,,,,,,,,,,,,,,,,,,,,,,,,,,
16 Apr 20,5182,110,56.0,0.0,,2766,119,86,2,,2330,,,,,,,,,,,,,,,,,,,,,,,,,,
15 Apr 20,5072,85,56.0,0.0,,2647,169,84,2,,2341,,,,,,,,,,,,,,,,,,,,,,,,,,
14 Apr 20,4987,170,60.0,0.0,,2478,202,83,2,,2426,,,,,,,,,,,,,,,,,,,,,,,,,,
13 Apr 20,4817,134,66.0,0.0,,2276,168,81,2,,2460,,,,,,,,,,,,,,,,,,,,,,,,,,
12 Apr 20,4683,153,66.0,0.0,,2108,113,79,5,,2496,,,,,,,,,,,,,,,,,,,,,,,,,,
11 Apr 20,4530,184,72.0,3.0,,1995,165,74,3,,2461,,,,,,,,,,,,,,,,,,,,,,,,,,
10 Apr 20,4346,118,69.0,0.0,,1830,222,71,3,,2445,,,,,,,,,,,,,,,,,,,,,,,,,,
09 Apr 20,4228,109,72.0,0.0,,1608,121,68,2,,2552,,,,,,,,,,,,,,,,,,,,,,,,,,
08 Apr 20,4119,156,76.0,0.0,,1487,166,66,2,,2566,,,,,,,,,,,,,,,,,,,,,,,,,,
07 Apr 20,3963,170,92.0,0.0,,1321,80,64,1,,2578,,,,,,,,,,,,,,,,,,,,,,,,,,
06 Apr 20,3793,131,102.0,3.0,,1241,236,63,1,,2489,,,,,,,,,,,,,,,,,,,,,,,,,,
05 Apr 20,3662,179,99.0,0.0,,1005,90,62,2,,2595,,,,,,,,,,,,,,,,,,,,,,,,,,
04 Apr 20,3483,150,99.0,9.0,,915,88,57,3,,2511,,,,,,,,,,,,,,,,,,,,,,,,,,
03 Apr 20,3333,217,108.0,3.0,,827,60,53,5,,2453,,,,,,,,,,,,,,,,,,,,,,,,,,
02 Apr 20,3116,208,105.0,3.0,,767,122,50,3,,2299,,,,,,,,,,,,,,,,,,,,,,,,,,
01 Apr 20,2908,142,102.0,8.0,,645,108,45,1,,2218,,,,,,,,,,,,,,,,,,,,,,,,,,
31 Mar 20,2766,140,94.0,0.0,,537,58,43,9,,2186,,,,,,,,,,,,,,,,,,,,,,,,,,
30 Mar 20,2626,156,94.0,21.0,,479,91,37,2,,2110,,,,,,,,,,,,,,,,,,,,,,,,,,
29 Mar 20,2470,150,73.0,0.0,,388,68,35,3,,2047,,,,,,,,,,,,,,,,,,,,,,,,,,
28 Mar 20,2320,159,73.0,19.0,,320,61,34,8,,1966,,,,,,,,,,,,,,,,,,,,,,,,,,
27 Mar 20,2161,130,54.0,9.0,,259,44,26,1,,1876,,,,,,,,,,,,,,,,,,,,,,,,,,
26 Mar 20,2031,235,45.0,0.0,,215,16,25,5,,1791,,,,,,,,,,,,,,,,,,,,,,,,,,
25 Mar 20,1796,172,45.0,0.0,,199,16,20,4,,1577,,,,,,,,,,,,,,,,,,,,,,,,,,
24 Mar 20,1624,106,64.0,7.0,,183,24,16,2,,1425,,,,,,,,,,,,,,,,,,,,,,,,,,
23 Mar 20,1518,212,57.0,11.0,,159,20,14,3,,1345,,,,,,,,,,,,,,,,,,,,,,,,,,
22 Mar 20,1306,123,46.0,9.0,,139,25,11,3,,1156,,,,,,,,,,,,,,,,,,,,,,,,,,
21 Mar 20,1183,153,37.0,11.0,,114,27,8,4,,1061,,,,,,,,,,,,,,,,,,,,,,,,,,
20 Mar 20,1030,130,26.0,6.0,,87,12,4,1,,939,,,,,,,,,,,,,,,,,,,,,,,,,,
19 Mar 20,900,110,20.0,3.0,,75,15,3,0,,822,,,,,,,,,,,,,,,,,,,,,,,,,,
18 Mar 20,790,117,17.0,5.0,,60,11,3,1,,727,,,,,,,,,,,,,,,,,,,,,,,,,,
17 Mar 20,673,120,12.0,,,49,7,2,2,,622,,,,,,,,,,,,,,,,,,,,,,,,,,
16 Mar 20,553,125,,,,42,0,0,0,,511,,,,,,,,,,,,,,,,,,,,,,,,,,
15 Mar 20,428,190,,,,42,7,0,0,,386,,,,,,,,,,,,,,,,,,,,,,,,,,
14 Mar 20,238,35,,,,35,3,0,0,,203,,,,,,,,,,,,,,,,,,,,,,,,,,
13 Mar 20,203,45,,,,32,0,0,0,,171,,,,,,,,,,,,,,,,,,,,,,,,,,
12 Mar 20,158,9,,,,32,6,0,0,,126,,,,,,,,,,,,,,,,,,,,,,,,,,
11 Mar 20,149,20,,,,26,1,0,0,,123,,,,,,,,,,,,,,,,,,,,,,,,,,
10 Mar 20,129,12,,,,25,1,0,0,,104,,,,,,,,,,,,,,,,,,,,,,,,,,
09 Mar 20,117,18,,,,24,0,0,0,,93,,,,,,,,,,,,,,,,,,,,,,,,,,
08 Mar 20,99,6,,,,24,1,0,0,,75,,,,,,,,,,,,,,,,,,,,,,,,,,
07 Mar 20,93,10,,,,23,1,0,0,,70,,,,,,,,,,,,,,,,,,,,,,,,,,
06 Mar 20,83,28,,,,22,0,0,0,,61,,,,,,,,,,,,,,,,,,,,,,,,,,
05 Mar 20,55,5,,,,22,0,0,0,,33,,,,,,,,,,,,,,,,,,,,,,,,,,
04 Mar 20,50,14,,,,22,0,0,0,,28,,,,,,,,,,,,,,,,,,,,,,,,,,
03 Mar 20,36,3,,,,22,0,0,0,,14,,,,,,,,,,,,,,,,,,,,,,,,,,
02 Mar 20,33,0,,,,22,0,0,0,,11,,,,,,,,,,,,,,,,,,,,,,,,,,
01 Mar 20,33,4,,,,22,0,0,0,,11,,,,,,,,,,,,,,,,,,,,,,,,,,
29 Feb 20,29,4,,,,22,0,0,0,,7,,,,,,,,,,,,,,,,,,,,,,,,,,
28 Feb 20,25,1,,,,22,0,0,0,,3,,,,,,,,,,,,,,,,,,,,,,,,,,
27 Feb 20,24,2,,,,22,2,0,0,,2,,,,,,,,,,,,,,,,,,,,,,,,,,
26 Feb 20,22,0,,,,20,0,0,0,,2,,,,,,,,,,,,,,,,,,,,,,,,,,
25 Feb 20,22,0,,,,20,0,0,0,,2,,,,,,,,,,,,,,,,,,,,,,,,,,
24 Feb 20,22,0,,,,20,2,0,0,,2,,,,,,,,,,,,,,,,,,,,,,,,,,
23 Feb 20,22,0,,,,18,1,0,0,,4,,,,,,,,,,,,,,,,,,,,,,,,,,
22 Feb 20,22,0,,,,17,0,0,0,,5,,,,,,,,,,,,,,,,,,,,,,,,,,
21 Feb 20,22,0,,,,17,0,0,0,,5,,,,,,,,,,,,,,,,,,,,,,,,,,
20 Feb 20,22,0,,,,17,2,0,0,,5,,,,,,,,,,,,,,,,,,,,,,,,,,
19 Feb 20,22,0,,,,15,4,0,0,,7,,,,,,,,,,,,,,,,,,,,,,,,,,
18 Feb 20,22,0,,,,11,2,0,0,,11,,,,,,,,,,,,,,,,,,,,,,,,,,
17 Feb 20,22,0,,,,9,1,0,0,,13,,,,,,,,,,,,,,,,,,,,,,,,,,
16 Feb 20,22,1,,,,8,1,0,0,,14,,,,,,,,,,,,,,,,,,,,,,,,,,
15 Feb 20,21,2,,,,7,0,0,0,,14,,,,,,,,,,,,,,,,,,,,,,,,,,
14 Feb 20,19,0,,,,7,4,0,0,,12,,,,,,,,,,,,,,,,,,,,,,,,,,
13 Feb 20,19,1,,,,3,0,0,0,,16,,,,,,,,,,,,,,,,,,,,,,,,,,
12 Feb 20,18,0,,,,3,0,0,0,,15,,,,,,,,,,,,,,,,,,,,,,,,,,
11 Feb 20,18,0,,,,3,0,0,0,,15,,,,,,,,,,,,,,,,,,,,,,,,,,
10 Feb 20,18,1,,,,3,0,0,0,,15,,,,,,,,,,,,,,,,,,,,,,,,,,
09 Feb 20,17,1,,,,3,1,0,0,,14,,,,,,,,,,,,,,,,,,,,,,,,,,
08 Feb 20,16,2,,,,2,1,0,0,,14,,,,,,,,,,,,,,,,,,,,,,,,,,
07 Feb 20,14,0,,,,1,0,0,0,,13,,,,,,,,,,,,,,,,,,,,,,,,,,
06 Feb 20,14,2,,,,1,0,0,0,,13,,,,,,,,,,,,,,,,,,,,,,,,,,
05 Feb 20,12,2,,,,1,0,0,0,,11,,,,,,,,,,,,,,,,,,,,,,,,,,
04 Feb 20,10,2,,,,1,1,0,0,,9,,,,,,,,,,,,,,,,,,,,,,,,,,
03 Feb 20,8,0,,,,0,0,0,0,,8,,,,,,,,,,,,,,,,,,,,,,,,,,
02 Feb 20,8,0,,,,0,0,0,0,,8,,,,,,,,,,,,,,,,,,,,,,,,,,
01 Feb 20,8,0,,,,0,0,0,0,,8,,,,,,,,,,,,,,,,,,,,,,,,,,
31 Jan 20,8,0,,,,0,0,0,0,,8,,,,,,,,,,,,,,,,,,,,,,,,,,
30 Jan 20,8,1,,,,0,0,0,0,,8,,,,,,,,,,,,,,,,,,,,,,,,,,
29 Jan 20,7,0,,,,0,0,0,0,,7,,,,,,,,,,,,,,,,,,,,,,,,,,
28 Jan 20,7,3,,,,0,0,0,0,,7,,,,,,,,,,,,,,,,,,,,,,,,,,
27 Jan 20,4,0,,,,0,0,0,0,,4,,,,,,,,,,,,,,,,,,,,,,,,,,
26 Jan 20,4,1,,,,0,0,0,0,,4,,,,,,,,,,,,,,,,,,,,,,,,,,
25 Jan 20,3,3,,,,0,0,0,0,,3,,,,,,,,,,,,,,,,,,,,,,,,,,
24 Jan 20,0,0,,,,0,0,0,0,,0,,,,,,,,,,,,,,,,,,,,,,,,,,
